This is LuaHBTeX, Version 1.18.0 (TeX Live 2024)  (format=lualatex 2025.3.8)  8 MAR 2025 23:21
 restricted system commands enabled.
**main.tex
(./main.tex
LaTeX2e <2024-11-01> patch level 2
L3 programming layer <2025-01-18>
Lua module: luaotfload 2024-12-03 v3.29 Lua based OpenType font support
Lua module: lualibs 2023-07-13 v2.76 ConTeXt Lua standard libraries.
Lua module: lualibs-extended 2023-07-13 v2.76 ConTeXt Lua libraries -- extended 
collection.
luaotfload | conf : Root cache directory is "/home/mr21sk/.texlive2024/texmf-var
/luatex-cache/generic/names".
luaotfload | init : Loading fontloader "fontloader-2023-12-28.lua" from kpse-res
olved path "/usr/local/texlive/2024/texmf-dist/tex/luatex/luaotfload/fontloader-
2023-12-28.lua".
Lua-only attribute luaotfload@noligature = 1
luaotfload | init : Context OpenType loader version 3.134
Inserting `luaotfload.node_processor' in `pre_linebreak_filter'.
Inserting `luaotfload.node_processor' in `hpack_filter'.
Inserting `luaotfload.glyph_stream' in `glyph_stream_provider'.
Inserting `luaotfload.define_font' in `define_font'.
Lua-only attribute luaotfload_color_attribute = 2
luaotfload | conf : Root cache directory is "/home/mr21sk/.texlive2024/texmf-var
/luatex-cache/generic/names".
Inserting `luaotfload.harf.strip_prefix' in `find_opentype_file'.
Inserting `luaotfload.harf.strip_prefix' in `find_truetype_file'.
Removing  `luaotfload.glyph_stream' from `glyph_stream_provider'.
Inserting `luaotfload.harf.glyphstream' in `glyph_stream_provider'.
Inserting `luaotfload.harf.finalize_vlist' in `post_linebreak_filter'.
Inserting `luaotfload.harf.finalize_hlist' in `hpack_filter'.
Inserting `luaotfload.cleanup_files' in `wrapup_run'.
Inserting `luaotfload.harf.finalize_unicode' in `finish_pdffile'.
Inserting `luaotfload.glyphinfo' in `glyph_info'.
Lua-only attribute luaotfload.letterspace_done = 3
Inserting `luaotfload.aux.set_sscale_dimens' in `luaotfload.patch_font'.
Inserting `luaotfload.aux.set_font_index' in `luaotfload.patch_font'.
Inserting `luaotfload.aux.patch_cambria_domh' in `luaotfload.patch_font'.
Inserting `luaotfload.aux.fixup_fontdata' in `luaotfload.patch_font_unsafe'.
Inserting `luaotfload.aux.set_capheight' in `luaotfload.patch_font'.
Inserting `luaotfload.aux.set_xheight' in `luaotfload.patch_font'.
Inserting `luaotfload.rewrite_fontname' in `luaotfload.patch_font'.
Inserting `tracingstacklevels' in `input_level_string'. (/usr/local/texlive/202
4/texmf-dist/tex/latex/base/article.cls
Document Class: article 2024/06/29 v1.4n Standard LaTeX document class
(/usr/local/texlive/2024/texmf-dist/tex/latex/base/size12.clo
File: size12.clo 2024/06/29 v1.4n Standard LaTeX file (size option)
luaotfload | db : Font names database loaded from /home/mr21sk/.texlive2024/texm
f-var/luatex-cache/generic/names/luaotfload-names.luc.gz)
\c@part=\count194
\c@section=\count195
\c@subsection=\count196
\c@subsubsection=\count197
\c@paragraph=\count198
\c@subparagraph=\count199
\c@figure=\count266
\c@table=\count267
\abovecaptionskip=\skip49
\belowcaptionskip=\skip50
\bibindent=\dimen140
)
(/usr/local/texlive/2024/texmf-dist/tex/latex/geometry/geometry.sty
Package: geometry 2020/01/02 v5.9 Page Geometry

(/usr/local/texlive/2024/texmf-dist/tex/latex/graphics/keyval.sty
Package: keyval 2022/05/29 v1.15 key=value parser (DPC)
\KV@toks@=\toks17
)
(/usr/local/texlive/2024/texmf-dist/tex/generic/iftex/ifvtex.sty
Package: ifvtex 2019/10/25 v1.7 ifvtex legacy package. Use iftex instead.

(/usr/local/texlive/2024/texmf-dist/tex/generic/iftex/iftex.sty
Package: iftex 2024/12/12 v1.0g TeX engine tests
))
\Gm@cnth=\count268
\Gm@cntv=\count269
\c@Gm@tempcnt=\count270
\Gm@bindingoffset=\dimen141
\Gm@wd@mp=\dimen142
\Gm@odd@mp=\dimen143
\Gm@even@mp=\dimen144
\Gm@layoutwidth=\dimen145
\Gm@layoutheight=\dimen146
\Gm@layouthoffset=\dimen147
\Gm@layoutvoffset=\dimen148
\Gm@dimlist=\toks18
)
(/usr/local/texlive/2024/texmf-dist/tex/latex/graphics/graphicx.sty
Package: graphicx 2021/09/16 v1.2d Enhanced LaTeX Graphics (DPC,SPQR)

(/usr/local/texlive/2024/texmf-dist/tex/latex/graphics/graphics.sty
Package: graphics 2024/08/06 v1.4g Standard LaTeX Graphics (DPC,SPQR)

(/usr/local/texlive/2024/texmf-dist/tex/latex/graphics/trig.sty
Package: trig 2023/12/02 v1.11 sin cos tan (DPC)
)
(/usr/local/texlive/2024/texmf-dist/tex/latex/graphics-cfg/graphics.cfg
File: graphics.cfg 2016/06/04 v1.11 sample graphics configuration
)
Package graphics Info: Driver file: luatex.def on input line 106.

(/usr/local/texlive/2024/texmf-dist/tex/latex/graphics-def/luatex.def
File: luatex.def 2024/04/13 v1.2e Graphics/color driver for luatex
))
\Gin@req@height=\dimen149
\Gin@req@width=\dimen150
)
(/usr/local/texlive/2024/texmf-dist/tex/latex/amsmath/amsmath.sty
Package: amsmath 2024/11/05 v2.17t AMS math features
\@mathmargin=\skip51

For additional information on amsmath, use the `?' option.
(/usr/local/texlive/2024/texmf-dist/tex/latex/amsmath/amstext.sty
Package: amstext 2021/08/26 v2.01 AMS text

(/usr/local/texlive/2024/texmf-dist/tex/latex/amsmath/amsgen.sty
File: amsgen.sty 1999/11/30 v2.0 generic functions
\@emptytoks=\toks19
\ex@=\dimen151
))
(/usr/local/texlive/2024/texmf-dist/tex/latex/amsmath/amsbsy.sty
Package: amsbsy 1999/11/29 v1.2d Bold Symbols
\pmbraise@=\dimen152
)
(/usr/local/texlive/2024/texmf-dist/tex/latex/amsmath/amsopn.sty
Package: amsopn 2022/04/08 v2.04 operator names
)
\inf@bad=\count271
LaTeX Info: Redefining \frac on input line 235.
\uproot@=\count272
\leftroot@=\count273
LaTeX Info: Redefining \overline on input line 398.
LaTeX Info: Redefining \colon on input line 409.
\classnum@=\count274
\DOTSCASE@=\count275
LaTeX Info: Redefining \ldots on input line 495.
LaTeX Info: Redefining \dots on input line 498.
LaTeX Info: Redefining \cdots on input line 619.
\Mathstrutbox@=\box52
\strutbox@=\box53
LaTeX Info: Redefining \big on input line 721.
LaTeX Info: Redefining \Big on input line 722.
LaTeX Info: Redefining \bigg on input line 723.
LaTeX Info: Redefining \Bigg on input line 724.
\big@size=\dimen153
LaTeX Font Info:    Redeclaring font encoding OML on input line 742.
LaTeX Font Info:    Redeclaring font encoding OMS on input line 743.
\macc@depth=\count276
LaTeX Info: Redefining \bmod on input line 904.
LaTeX Info: Redefining \pmod on input line 909.
LaTeX Info: Redefining \smash on input line 939.
LaTeX Info: Redefining \relbar on input line 969.
LaTeX Info: Redefining \Relbar on input line 970.
\c@MaxMatrixCols=\count277
\dotsspace@=\muskip17
\c@parentequation=\count278
\dspbrk@lvl=\count279
\tag@help=\toks20
\row@=\count280
\column@=\count281
\maxfields@=\count282
\andhelp@=\toks21
\eqnshift@=\dimen154
\alignsep@=\dimen155
\tagshift@=\dimen156
\tagwidth@=\dimen157
\totwidth@=\dimen158
\lineht@=\dimen159
\@envbody=\toks22
\multlinegap=\skip52
\multlinetaggap=\skip53
\mathdisplay@stack=\toks23
LaTeX Info: Redefining \[ on input line 2953.
LaTeX Info: Redefining \] on input line 2954.
)
(/usr/local/texlive/2024/texmf-dist/tex/latex/amsfonts/amssymb.sty
Package: amssymb 2013/01/14 v3.01 AMS font symbols

(/usr/local/texlive/2024/texmf-dist/tex/latex/amsfonts/amsfonts.sty
Package: amsfonts 2013/01/14 v3.01 Basic AMSFonts support
\symAMSa=\mathgroup4
\symAMSb=\mathgroup5
LaTeX Font Info:    Redeclaring math symbol \hbar on input line 98.
LaTeX Font Info:    Overwriting math alphabet `\mathfrak' in version `bold'
(Font)                  U/euf/m/n --> U/euf/b/n on input line 106.
))
(/usr/local/texlive/2024/texmf-dist/tex/latex/amscls/amsthm.sty
Package: amsthm 2020/05/29 v2.20.6
\thm@style=\toks24
\thm@bodyfont=\toks25
\thm@headfont=\toks26
\thm@notefont=\toks27
\thm@headpunct=\toks28
\thm@preskip=\skip54
\thm@postskip=\skip55
\thm@headsep=\skip56
\dth@everypar=\toks29
)
(/usr/local/texlive/2024/texmf-dist/tex/latex/fancyhdr/fancyhdr.sty
Package: fancyhdr 2025/02/07 v5.2 Extensive control of page headers and footers

\f@nch@headwidth=\skip57
\f@nch@offset@elh=\skip58
\f@nch@offset@erh=\skip59
\f@nch@offset@olh=\skip60
\f@nch@offset@orh=\skip61
\f@nch@offset@elf=\skip62
\f@nch@offset@erf=\skip63
\f@nch@offset@olf=\skip64
\f@nch@offset@orf=\skip65
\f@nch@height=\skip66
\f@nch@footalignment=\skip67
\f@nch@widthL=\skip68
\f@nch@widthC=\skip69
\f@nch@widthR=\skip70
\@temptokenb=\toks30
)
(/usr/local/texlive/2024/texmf-dist/tex/latex/xcolor/xcolor.sty
Package: xcolor 2024/09/29 v3.02 LaTeX color extensions (UK)

(/usr/local/texlive/2024/texmf-dist/tex/latex/graphics-cfg/color.cfg
File: color.cfg 2016/01/02 v1.6 sample color configuration
)
Package xcolor Info: Driver file: luatex.def on input line 274.

(/usr/local/texlive/2024/texmf-dist/tex/latex/graphics/mathcolor.ltx)
Package xcolor Info: Model `cmy' substituted by `cmy0' on input line 1349.
Package xcolor Info: Model `hsb' substituted by `rgb' on input line 1353.
Package xcolor Info: Model `RGB' extended on input line 1365.
Package xcolor Info: Model `HTML' substituted by `rgb' on input line 1367.
Package xcolor Info: Model `Hsb' substituted by `hsb' on input line 1368.
Package xcolor Info: Model `tHsb' substituted by `hsb' on input line 1369.
Package xcolor Info: Model `HSB' substituted by `hsb' on input line 1370.
Package xcolor Info: Model `Gray' substituted by `gray' on input line 1371.
Package xcolor Info: Model `wave' substituted by `hsb' on input line 1372.
)
(/usr/local/texlive/2024/texmf-dist/tex/latex/hyperref/hyperref.sty
Package: hyperref 2024-11-05 v7.01l Hypertext links for LaTeX

(/usr/local/texlive/2024/texmf-dist/tex/latex/kvsetkeys/kvsetkeys.sty
Package: kvsetkeys 2022-10-05 v1.19 Key value parser (HO)
)
(/usr/local/texlive/2024/texmf-dist/tex/generic/kvdefinekeys/kvdefinekeys.sty
Package: kvdefinekeys 2019-12-19 v1.6 Define keys (HO)
)
(/usr/local/texlive/2024/texmf-dist/tex/generic/pdfescape/pdfescape.sty
Package: pdfescape 2019/12/09 v1.15 Implements pdfTeX's escape features (HO)

(/usr/local/texlive/2024/texmf-dist/tex/generic/ltxcmds/ltxcmds.sty
Package: ltxcmds 2023-12-04 v1.26 LaTeX kernel commands for general use (HO)
)
(/usr/local/texlive/2024/texmf-dist/tex/generic/pdftexcmds/pdftexcmds.sty
Package: pdftexcmds 2020-06-27 v0.33 Utility functions of pdfTeX for LuaTeX (HO
)

(/usr/local/texlive/2024/texmf-dist/tex/generic/infwarerr/infwarerr.sty
Package: infwarerr 2019/12/03 v1.5 Providing info/warning/error messages (HO)
)
Package pdftexcmds Info: \pdf@primitive is available.
Package pdftexcmds Info: \pdf@ifprimitive is available.
Package pdftexcmds Info: \pdfdraftmode found.
\pdftexcmds@toks=\toks31
))
(/usr/local/texlive/2024/texmf-dist/tex/latex/hycolor/hycolor.sty
Package: hycolor 2020-01-27 v1.10 Color options for hyperref/bookmark (HO)
)
(/usr/local/texlive/2024/texmf-dist/tex/latex/hyperref/nameref.sty
Package: nameref 2023-11-26 v2.56 Cross-referencing by name of section

(/usr/local/texlive/2024/texmf-dist/tex/latex/refcount/refcount.sty
Package: refcount 2019/12/15 v3.6 Data extraction from label references (HO)
)
(/usr/local/texlive/2024/texmf-dist/tex/generic/gettitlestring/gettitlestring.s
ty
Package: gettitlestring 2019/12/15 v1.6 Cleanup title references (HO)
 (/usr/local/texlive/2024/texmf-dist/tex/latex/kvoptions/kvoptions.sty
Package: kvoptions 2022-06-15 v3.15 Key value format for package options (HO)
))
\c@section@level=\count283
)
(/usr/local/texlive/2024/texmf-dist/tex/latex/etoolbox/etoolbox.sty
Package: etoolbox 2025/02/11 v2.5l e-TeX tools for LaTeX (JAW)
\etb@tempcnta=\count284
)
(/usr/local/texlive/2024/texmf-dist/tex/generic/stringenc/stringenc.sty
Package: stringenc 2019/11/29 v1.12 Convert strings between diff. encodings (HO
)
)
\@linkdim=\dimen160
\Hy@linkcounter=\count285
\Hy@pagecounter=\count286

(/usr/local/texlive/2024/texmf-dist/tex/latex/hyperref/pd1enc.def
File: pd1enc.def 2024-11-05 v7.01l Hyperref: PDFDocEncoding definition (HO)
)
(/usr/local/texlive/2024/texmf-dist/tex/generic/intcalc/intcalc.sty
Package: intcalc 2019/12/15 v1.3 Expandable calculations with integers (HO)
)
\Hy@SavedSpaceFactor=\count287

(/usr/local/texlive/2024/texmf-dist/tex/latex/hyperref/puenc.def
File: puenc.def 2024-11-05 v7.01l Hyperref: PDF Unicode definition (HO)
)
Package hyperref Info: Hyper figures OFF on input line 4157.
Package hyperref Info: Link nesting OFF on input line 4162.
Package hyperref Info: Hyper index ON on input line 4165.
Package hyperref Info: Plain pages OFF on input line 4172.
Package hyperref Info: Backreferencing OFF on input line 4177.
Package hyperref Info: Implicit mode ON; LaTeX internals redefined.
Package hyperref Info: Bookmarks ON on input line 4424.
\c@Hy@tempcnt=\count288

(/usr/local/texlive/2024/texmf-dist/tex/latex/url/url.sty
\Urlmuskip=\muskip18
Package: url 2013/09/16  ver 3.4  Verb mode for urls, etc.
)
LaTeX Info: Redefining \url on input line 4763.
\XeTeXLinkMargin=\dimen161

(/usr/local/texlive/2024/texmf-dist/tex/generic/bitset/bitset.sty
Package: bitset 2019/12/09 v1.3 Handle bit-vector datatype (HO)

(/usr/local/texlive/2024/texmf-dist/tex/generic/bigintcalc/bigintcalc.sty
Package: bigintcalc 2019/12/15 v1.5 Expandable calculations on big integers (HO
)
))
\Fld@menulength=\count289
\Field@Width=\dimen162
\Fld@charsize=\dimen163
Package hyperref Info: Hyper figures OFF on input line 6042.
Package hyperref Info: Link nesting OFF on input line 6047.
Package hyperref Info: Hyper index ON on input line 6050.
Package hyperref Info: backreferencing OFF on input line 6057.
Package hyperref Info: Link coloring OFF on input line 6062.
Package hyperref Info: Link coloring with OCG OFF on input line 6067.
Package hyperref Info: PDF/A mode OFF on input line 6072.

(/usr/local/texlive/2024/texmf-dist/tex/latex/base/atbegshi-ltx.sty
Package: atbegshi-ltx 2021/01/10 v1.0c Emulation of the original atbegshi
package with kernel methods
)
\Hy@abspage=\count290
\c@Item=\count291
\c@Hfootnote=\count292
)
Package hyperref Info: Driver (autodetected): hluatex.

(/usr/local/texlive/2024/texmf-dist/tex/latex/hyperref/hluatex.def
File: hluatex.def 2024-11-05 v7.01l Hyperref driver for luaTeX

(/usr/local/texlive/2024/texmf-dist/tex/latex/base/atveryend-ltx.sty
Package: atveryend-ltx 2020/08/19 v1.0a Emulation of the original atveryend pac
kage
with kernel methods
)
\Fld@listcount=\count293
\c@bookmark@seq@number=\count294

(/usr/local/texlive/2024/texmf-dist/tex/latex/rerunfilecheck/rerunfilecheck.sty
Package: rerunfilecheck 2022-07-10 v1.10 Rerun checks for auxiliary files (HO)

(/usr/local/texlive/2024/texmf-dist/tex/generic/uniquecounter/uniquecounter.sty
Package: uniquecounter 2019/12/15 v1.4 Provide unlimited unique counter (HO)
)
Package uniquecounter Info: New unique counter `rerunfilecheck' on input line 2
85.
)
\Hy@SectionHShift=\skip71
) (/usr/local/texlive/2024/texmf-dist/tex/latex/pgf/frontendlayer/tikz.sty
(/usr/local/texlive/2024/texmf-dist/tex/latex/pgf/basiclayer/pgf.sty
(/usr/local/texlive/2024/texmf-dist/tex/latex/pgf/utilities/pgfrcs.sty
(/usr/local/texlive/2024/texmf-dist/tex/generic/pgf/utilities/pgfutil-common.te
x
\pgfutil@everybye=\toks32
\pgfutil@tempdima=\dimen164
\pgfutil@tempdimb=\dimen165
)
(/usr/local/texlive/2024/texmf-dist/tex/generic/pgf/utilities/pgfutil-latex.def
\pgfutil@abb=\box54
) (/usr/local/texlive/2024/texmf-dist/tex/generic/pgf/utilities/pgfrcs.code.tex
(/usr/local/texlive/2024/texmf-dist/tex/generic/pgf/pgf.revision.tex)
Package: pgfrcs 2023-01-15 v3.1.10 (3.1.10)
))
Package: pgf 2023-01-15 v3.1.10 (3.1.10)

(/usr/local/texlive/2024/texmf-dist/tex/latex/pgf/basiclayer/pgfcore.sty
(/usr/local/texlive/2024/texmf-dist/tex/latex/pgf/systemlayer/pgfsys.sty
(/usr/local/texlive/2024/texmf-dist/tex/generic/pgf/systemlayer/pgfsys.code.tex
Package: pgfsys 2023-01-15 v3.1.10 (3.1.10)
(/usr/local/texlive/2024/texmf-dist/tex/generic/pgf/utilities/pgfkeys.code.tex
\pgfkeys@pathtoks=\toks33
\pgfkeys@temptoks=\toks34

(/usr/local/texlive/2024/texmf-dist/tex/generic/pgf/utilities/pgfkeyslibraryfil
tered.code.tex
\pgfkeys@tmptoks=\toks35
))
\pgf@x=\dimen166
\pgf@y=\dimen167
\pgf@xa=\dimen168
\pgf@ya=\dimen169
\pgf@xb=\dimen170
\pgf@yb=\dimen171
\pgf@xc=\dimen172
\pgf@yc=\dimen173
\pgf@xd=\dimen174
\pgf@yd=\dimen175
\w@pgf@writea=\write3
\r@pgf@reada=\read2
\c@pgf@counta=\count295
\c@pgf@countb=\count296
\c@pgf@countc=\count297
\c@pgf@countd=\count298
\t@pgf@toka=\toks36
\t@pgf@tokb=\toks37
\t@pgf@tokc=\toks38
\pgf@sys@id@count=\count299

(/usr/local/texlive/2024/texmf-dist/tex/generic/pgf/systemlayer/pgf.cfg
File: pgf.cfg 2023-01-15 v3.1.10 (3.1.10)
)
Driver file for pgf: pgfsys-luatex.def

(/usr/local/texlive/2024/texmf-dist/tex/generic/pgf/systemlayer/pgfsys-luatex.d
ef
File: pgfsys-luatex.def 2023-01-15 v3.1.10 (3.1.10)

(/usr/local/texlive/2024/texmf-dist/tex/generic/pgf/systemlayer/pgfsys-common-p
df.def
File: pgfsys-common-pdf.def 2023-01-15 v3.1.10 (3.1.10)
)))
(/usr/local/texlive/2024/texmf-dist/tex/generic/pgf/systemlayer/pgfsyssoftpath.
code.tex
File: pgfsyssoftpath.code.tex 2023-01-15 v3.1.10 (3.1.10)
\pgfsyssoftpath@smallbuffer@items=\count300
\pgfsyssoftpath@bigbuffer@items=\count301
)
(/usr/local/texlive/2024/texmf-dist/tex/generic/pgf/systemlayer/pgfsysprotocol.
code.tex
File: pgfsysprotocol.code.tex 2023-01-15 v3.1.10 (3.1.10)
))
(/usr/local/texlive/2024/texmf-dist/tex/generic/pgf/basiclayer/pgfcore.code.tex
Package: pgfcore 2023-01-15 v3.1.10 (3.1.10)
(/usr/local/texlive/2024/texmf-dist/tex/generic/pgf/math/pgfmath.code.tex
(/usr/local/texlive/2024/texmf-dist/tex/generic/pgf/math/pgfmathutil.code.tex)
(/usr/local/texlive/2024/texmf-dist/tex/generic/pgf/math/pgfmathparser.code.tex
\pgfmath@dimen=\dimen176
\pgfmath@count=\count302
\pgfmath@box=\box55
\pgfmath@toks=\toks39
\pgfmath@stack@operand=\toks40
\pgfmath@stack@operation=\toks41
)
(/usr/local/texlive/2024/texmf-dist/tex/generic/pgf/math/pgfmathfunctions.code.
tex)
(/usr/local/texlive/2024/texmf-dist/tex/generic/pgf/math/pgfmathfunctions.basic
.code.tex)
(/usr/local/texlive/2024/texmf-dist/tex/generic/pgf/math/pgfmathfunctions.trigo
nometric.code.tex)
(/usr/local/texlive/2024/texmf-dist/tex/generic/pgf/math/pgfmathfunctions.rando
m.code.tex)
(/usr/local/texlive/2024/texmf-dist/tex/generic/pgf/math/pgfmathfunctions.compa
rison.code.tex)
(/usr/local/texlive/2024/texmf-dist/tex/generic/pgf/math/pgfmathfunctions.base.
code.tex)
(/usr/local/texlive/2024/texmf-dist/tex/generic/pgf/math/pgfmathfunctions.round
.code.tex)
(/usr/local/texlive/2024/texmf-dist/tex/generic/pgf/math/pgfmathfunctions.misc.
code.tex)
(/usr/local/texlive/2024/texmf-dist/tex/generic/pgf/math/pgfmathfunctions.integ
erarithmetics.code.tex)
(/usr/local/texlive/2024/texmf-dist/tex/generic/pgf/math/pgfmathcalc.code.tex)
(/usr/local/texlive/2024/texmf-dist/tex/generic/pgf/math/pgfmathfloat.code.tex
\c@pgfmathroundto@lastzeros=\count303
)) (/usr/local/texlive/2024/texmf-dist/tex/generic/pgf/math/pgfint.code.tex)
(/usr/local/texlive/2024/texmf-dist/tex/generic/pgf/basiclayer/pgfcorepoints.co
de.tex
File: pgfcorepoints.code.tex 2023-01-15 v3.1.10 (3.1.10)
\pgf@picminx=\dimen177
\pgf@picmaxx=\dimen178
\pgf@picminy=\dimen179
\pgf@picmaxy=\dimen180
\pgf@pathminx=\dimen181
\pgf@pathmaxx=\dimen182
\pgf@pathminy=\dimen183
\pgf@pathmaxy=\dimen184
\pgf@xx=\dimen185
\pgf@xy=\dimen186
\pgf@yx=\dimen187
\pgf@yy=\dimen188
\pgf@zx=\dimen189
\pgf@zy=\dimen190
)
(/usr/local/texlive/2024/texmf-dist/tex/generic/pgf/basiclayer/pgfcorepathconst
ruct.code.tex
File: pgfcorepathconstruct.code.tex 2023-01-15 v3.1.10 (3.1.10)
\pgf@path@lastx=\dimen191
\pgf@path@lasty=\dimen192
)
(/usr/local/texlive/2024/texmf-dist/tex/generic/pgf/basiclayer/pgfcorepathusage
.code.tex
File: pgfcorepathusage.code.tex 2023-01-15 v3.1.10 (3.1.10)
\pgf@shorten@end@additional=\dimen193
\pgf@shorten@start@additional=\dimen194
)
(/usr/local/texlive/2024/texmf-dist/tex/generic/pgf/basiclayer/pgfcorescopes.co
de.tex
File: pgfcorescopes.code.tex 2023-01-15 v3.1.10 (3.1.10)
\pgfpic=\box56
\pgf@hbox=\box57
\pgf@layerbox@main=\box58
\pgf@picture@serial@count=\count304
)
(/usr/local/texlive/2024/texmf-dist/tex/generic/pgf/basiclayer/pgfcoregraphicst
ate.code.tex
File: pgfcoregraphicstate.code.tex 2023-01-15 v3.1.10 (3.1.10)
\pgflinewidth=\dimen195
)
(/usr/local/texlive/2024/texmf-dist/tex/generic/pgf/basiclayer/pgfcoretransform
ations.code.tex
File: pgfcoretransformations.code.tex 2023-01-15 v3.1.10 (3.1.10)
\pgf@pt@x=\dimen196
\pgf@pt@y=\dimen197
\pgf@pt@temp=\dimen198
)
(/usr/local/texlive/2024/texmf-dist/tex/generic/pgf/basiclayer/pgfcorequick.cod
e.tex
File: pgfcorequick.code.tex 2023-01-15 v3.1.10 (3.1.10)
)
(/usr/local/texlive/2024/texmf-dist/tex/generic/pgf/basiclayer/pgfcoreobjects.c
ode.tex
File: pgfcoreobjects.code.tex 2023-01-15 v3.1.10 (3.1.10)
)
(/usr/local/texlive/2024/texmf-dist/tex/generic/pgf/basiclayer/pgfcorepathproce
ssing.code.tex
File: pgfcorepathprocessing.code.tex 2023-01-15 v3.1.10 (3.1.10)
)
(/usr/local/texlive/2024/texmf-dist/tex/generic/pgf/basiclayer/pgfcorearrows.co
de.tex
File: pgfcorearrows.code.tex 2023-01-15 v3.1.10 (3.1.10)
\pgfarrowsep=\dimen199
)
(/usr/local/texlive/2024/texmf-dist/tex/generic/pgf/basiclayer/pgfcoreshade.cod
e.tex
File: pgfcoreshade.code.tex 2023-01-15 v3.1.10 (3.1.10)
\pgf@max=\dimen256
\pgf@sys@shading@range@num=\count305
\pgf@shadingcount=\count306
)
(/usr/local/texlive/2024/texmf-dist/tex/generic/pgf/basiclayer/pgfcoreimage.cod
e.tex
File: pgfcoreimage.code.tex 2023-01-15 v3.1.10 (3.1.10)
)
(/usr/local/texlive/2024/texmf-dist/tex/generic/pgf/basiclayer/pgfcoreexternal.
code.tex
File: pgfcoreexternal.code.tex 2023-01-15 v3.1.10 (3.1.10)
\pgfexternal@startupbox=\box59
)
(/usr/local/texlive/2024/texmf-dist/tex/generic/pgf/basiclayer/pgfcorelayers.co
de.tex
File: pgfcorelayers.code.tex 2023-01-15 v3.1.10 (3.1.10)
)
(/usr/local/texlive/2024/texmf-dist/tex/generic/pgf/basiclayer/pgfcoretranspare
ncy.code.tex
File: pgfcoretransparency.code.tex 2023-01-15 v3.1.10 (3.1.10)
)
(/usr/local/texlive/2024/texmf-dist/tex/generic/pgf/basiclayer/pgfcorepatterns.
code.tex
File: pgfcorepatterns.code.tex 2023-01-15 v3.1.10 (3.1.10)
)
(/usr/local/texlive/2024/texmf-dist/tex/generic/pgf/basiclayer/pgfcorerdf.code.
tex
File: pgfcorerdf.code.tex 2023-01-15 v3.1.10 (3.1.10)
)))
(/usr/local/texlive/2024/texmf-dist/tex/generic/pgf/modules/pgfmoduleshapes.cod
e.tex
File: pgfmoduleshapes.code.tex 2023-01-15 v3.1.10 (3.1.10)
\pgfnodeparttextbox=\box60
)
(/usr/local/texlive/2024/texmf-dist/tex/generic/pgf/modules/pgfmoduleplot.code.
tex
File: pgfmoduleplot.code.tex 2023-01-15 v3.1.10 (3.1.10)
)
(/usr/local/texlive/2024/texmf-dist/tex/latex/pgf/compatibility/pgfcomp-version
-0-65.sty
Package: pgfcomp-version-0-65 2023-01-15 v3.1.10 (3.1.10)
\pgf@nodesepstart=\dimen257
\pgf@nodesepend=\dimen258
)
(/usr/local/texlive/2024/texmf-dist/tex/latex/pgf/compatibility/pgfcomp-version
-1-18.sty
Package: pgfcomp-version-1-18 2023-01-15 v3.1.10 (3.1.10)
))
(/usr/local/texlive/2024/texmf-dist/tex/latex/pgf/utilities/pgffor.sty
(/usr/local/texlive/2024/texmf-dist/tex/latex/pgf/utilities/pgfkeys.sty
(/usr/local/texlive/2024/texmf-dist/tex/generic/pgf/utilities/pgfkeys.code.tex))
 (/usr/local/texlive/2024/texmf-dist/tex/latex/pgf/math/pgfmath.sty
(/usr/local/texlive/2024/texmf-dist/tex/generic/pgf/math/pgfmath.code.tex))
(/usr/local/texlive/2024/texmf-dist/tex/generic/pgf/utilities/pgffor.code.tex
Package: pgffor 2023-01-15 v3.1.10 (3.1.10)
\pgffor@iter=\dimen259
\pgffor@skip=\dimen260
\pgffor@stack=\toks42
\pgffor@toks=\toks43
))
(/usr/local/texlive/2024/texmf-dist/tex/generic/pgf/frontendlayer/tikz/tikz.cod
e.tex
Package: tikz 2023-01-15 v3.1.10 (3.1.10)

(/usr/local/texlive/2024/texmf-dist/tex/generic/pgf/libraries/pgflibraryplothan
dlers.code.tex
File: pgflibraryplothandlers.code.tex 2023-01-15 v3.1.10 (3.1.10)
\pgf@plot@mark@count=\count307
\pgfplotmarksize=\dimen261
)
\tikz@lastx=\dimen262
\tikz@lasty=\dimen263
\tikz@lastxsaved=\dimen264
\tikz@lastysaved=\dimen265
\tikz@lastmovetox=\dimen266
\tikz@lastmovetoy=\dimen267
\tikzleveldistance=\dimen268
\tikzsiblingdistance=\dimen269
\tikz@figbox=\box61
\tikz@figbox@bg=\box62
\tikz@tempbox=\box63
\tikz@tempbox@bg=\box64
\tikztreelevel=\count308
\tikznumberofchildren=\count309
\tikznumberofcurrentchild=\count310
\tikz@fig@count=\count311

(/usr/local/texlive/2024/texmf-dist/tex/generic/pgf/modules/pgfmodulematrix.cod
e.tex
File: pgfmodulematrix.code.tex 2023-01-15 v3.1.10 (3.1.10)
\pgfmatrixcurrentrow=\count312
\pgfmatrixcurrentcolumn=\count313
\pgf@matrix@numberofcolumns=\count314
)
\tikz@expandcount=\count315

(/usr/local/texlive/2024/texmf-dist/tex/generic/pgf/frontendlayer/tikz/librarie
s/tikzlibrarytopaths.code.tex
File: tikzlibrarytopaths.code.tex 2023-01-15 v3.1.10 (3.1.10)
)))
(/usr/local/texlive/2024/texmf-dist/tex/latex/circuitikz/circuitikz.sty
Package: circuitikz 2025/01/10{} The CircuiTikz circuit drawing package version
 1.7.1

(/usr/local/texlive/2024/texmf-dist/tex/generic/pgf/frontendlayer/tikz/librarie
s/tikzlibrarycalc.code.tex
File: tikzlibrarycalc.code.tex 2023-01-15 v3.1.10 (3.1.10)
)
(/usr/local/texlive/2024/texmf-dist/tex/generic/pgf/libraries/pgflibraryarrows.
meta.code.tex
File: pgflibraryarrows.meta.code.tex 2023-01-15 v3.1.10 (3.1.10)
\pgfarrowinset=\dimen270
\pgfarrowlength=\dimen271
\pgfarrowwidth=\dimen272
\pgfarrowlinewidth=\dimen273
)
(/usr/local/texlive/2024/texmf-dist/tex/generic/pgf/frontendlayer/tikz/librarie
s/tikzlibrarybending.code.tex
File: tikzlibrarybending.code.tex 2023-01-15 v3.1.10 (3.1.10)

(/usr/local/texlive/2024/texmf-dist/tex/generic/pgf/modules/pgfmodulebending.co
de.tex
File: pgfmodulebending.code.tex 2023-01-15 v3.1.10 (3.1.10)

(/usr/local/texlive/2024/texmf-dist/tex/generic/pgf/modules/pgfmodulenonlineart
ransformations.code.tex
File: pgfmodulenonlineartransformations.code.tex 2023-01-15 v3.1.10 (3.1.10)
\pgftransformnonlinearflatness=\dimen274
)
(/usr/local/texlive/2024/texmf-dist/tex/generic/pgf/libraries/pgflibrarycurvili
near.code.tex
File: pgflibrarycurvilinear.code.tex 2023-01-15 v3.1.10 (3.1.10)
\pgf@curvilinear@time@a=\dimen275
\pgf@curvilinear@length@a=\dimen276
\pgf@curvilinear@length@b=\dimen277
\pgf@curvilinear@length@c=\dimen278
\pgf@curvilinear@length@d=\dimen279
)
\pgf@arrows@the@rigidity=\dimen280
))
(/usr/local/texlive/2024/texmf-dist/tex/generic/pgf/frontendlayer/tikz/librarie
s/tikzlibraryfpu.code.tex
(/usr/local/texlive/2024/texmf-dist/tex/generic/pgf/libraries/pgflibraryfpu.cod
e.tex))
(/usr/local/texlive/2024/texmf-dist/tex/generic/circuitikz/pgfcirc.defines.tex
\pgf@circ@count@a=\count316
\pgf@circ@count@b=\count317
\pgf@circ@count@c=\count318
\pgf@circ@res@up=\dimen281
\pgf@circ@res@down=\dimen282
\pgf@circ@res@zero=\dimen283
\pgf@circ@res@left=\dimen284
\pgf@circ@res@right=\dimen285
\pgf@circ@res@other=\dimen286
\pgf@circ@res@step=\dimen287
\pgf@circ@res@temp=\dimen288
\pgf@circ@Rlen=\dimen289
\pgf@circ@scaled@Rlen=\dimen290
\pgfstartlinewidth=\dimen291
) (/usr/local/texlive/2024/texmf-dist/tex/generic/circuitikz/pgfcircutils.tex
\ctikz@scratchbox=\box65
)
(/usr/local/texlive/2024/texmf-dist/tex/generic/circuitikz/pgfcircpath.tex)
(/usr/local/texlive/2024/texmf-dist/tex/generic/circuitikz/pgfcircshapes.tex)
(/usr/local/texlive/2024/texmf-dist/tex/generic/circuitikz/pgfcircmonopoles.tex
) (/usr/local/texlive/2024/texmf-dist/tex/generic/circuitikz/pgfcircbipoles.tex
)
(/usr/local/texlive/2024/texmf-dist/tex/generic/circuitikz/pgfcirctripoles.tex
\pgf@circ@res@count=\count319
)
(/usr/local/texlive/2024/texmf-dist/tex/generic/circuitikz/pgfcircquadpoles.tex
)
(/usr/local/texlive/2024/texmf-dist/tex/generic/circuitikz/pgfcircmultipoles.te
x) (/usr/local/texlive/2024/texmf-dist/tex/generic/circuitikz/pgfcirclabel.tex) (/usr/local/texlive/2024/texmf-dist/tex/generic/circuitikz/pgfcircvoltage.tex
\pgfcirc@labelshift=\dimen292
) (/usr/local/texlive/2024/texmf-dist/tex/generic/circuitikz/pgfcirccurrent.tex
) (/usr/local/texlive/2024/texmf-dist/tex/generic/circuitikz/pgfcircflow.tex))
(/usr/local/texlive/2024/texmf-dist/tex/latex/minted/minted.sty
Package: minted 2025/03/06 v3.6.0 Yet another Pygments shim for LaTeX

(/usr/local/texlive/2024/texmf-dist/tex/generic/catchfile/catchfile.sty
Package: catchfile 2019/12/09 v1.8 Catch the contents of a file (HO)

(/usr/local/texlive/2024/texmf-dist/tex/generic/etexcmds/etexcmds.sty
Package: etexcmds 2019/12/15 v1.7 Avoid name clashes with e-TeX commands (HO)
))
(/usr/local/texlive/2024/texmf-dist/tex/latex/fvextra/fvextra.sty
Package: fvextra 2025/03/04 v1.12.0 fvextra - extensions and patches for fancyv
rb

(/usr/local/texlive/2024/texmf-dist/tex/latex/fancyvrb/fancyvrb.sty
Package: fancyvrb 2024/01/20 4.5c verbatim text (tvz,hv)
\FV@CodeLineNo=\count320
\FV@InFile=\read3
\FV@TabBox=\box66
\c@FancyVerbLine=\count321
\FV@StepNumber=\count322
\FV@OutFile=\write4
)
(/usr/local/texlive/2024/texmf-dist/tex/latex/upquote/upquote.sty
Package: upquote 2012/04/19 v1.3 upright-quote and grave-accent glyphs in verba
tim

(/usr/local/texlive/2024/texmf-dist/tex/latex/base/textcomp.sty
Package: textcomp 2024/04/24 v2.1b Standard LaTeX package
))
(/usr/local/texlive/2024/texmf-dist/tex/latex/lineno/lineno.sty
Package: lineno 2025/01/29 line numbers on paragraphs v5.4
\linenopenalty=\count323
\output=\toks44
\linenoprevgraf=\count324
\linenumbersep=\dimen293
\linenumberwidth=\dimen294
\c@linenumber=\count325
\c@pagewiselinenumber=\count326
\c@LN@truepage=\count327
\c@internallinenumber=\count328
\c@internallinenumbers=\count329
\quotelinenumbersep=\dimen295
\bframerule=\dimen296
\bframesep=\dimen297
\bframebox=\box67
\@LN@amsmath@ams@eqpen=\count330
LaTeX Info: Redefining \\ on input line 3187.
)
\c@FancyVerbWriteLine=\count331
\c@FancyVerbBufferLine=\count332
\c@FV@TrueTabGroupLevel=\count333
\c@FV@TrueTabCounter=\count334
\FV@TabBox@Group=\box68
\FV@bgcolorstructbox=\box69
\FV@TmpLength=\skip72
\c@FV@HighlightLinesStart=\count335
\c@FV@HighlightLinesStop=\count336
\FV@LoopCount=\count337
\FV@NCharsBox=\box70
\FV@BreakIndent=\dimen298
\FV@BreakIndentNChars=\count338
\FV@BreakSymbolSepLeft=\dimen299
\FV@BreakSymbolSepLeftNChars=\count339
\FV@BreakSymbolSepRight=\dimen300
\FV@BreakSymbolSepRightNChars=\count340
\FV@BreakSymbolIndentLeft=\dimen301
\FV@BreakSymbolIndentLeftNChars=\count341
\FV@BreakSymbolIndentRight=\dimen302
\FV@BreakSymbolIndentRightNChars=\count342
\c@FancyVerbLineBreakLast=\count343
\FV@LineBox=\box71
\FV@LineIndentBox=\box72
\c@FV@BreakBufferDepth=\count344
\FV@LineWidth=\dimen303
)
(/usr/local/texlive/2024/texmf-dist/tex/latex/latex2pydata/latex2pydata.sty
Package: latex2pydata 2025/03/03 v0.5.0 latex2pydata - write data to file in Py
thon literal format
)
(/usr/local/texlive/2024/texmf-dist/tex/latex/pgfopts/pgfopts.sty
Package: pgfopts 2014/07/10 v2.1a LaTeX package options with pgfkeys
\pgfopts@list@add@a@toks=\toks45
\pgfopts@list@add@b@toks=\toks46
)
(/usr/local/texlive/2024/texmf-dist/tex/latex/tools/shellesc.sty
Package: shellesc 2023/07/08 v1.0d unified shell escape interface for LaTeX
Package shellesc Info: Restricted shell escape enabled on input line 77.
)
(/usr/local/texlive/2024/texmf-dist/tex/latex/float/float.sty
Package: float 2001/11/08 v1.3d Float enhancements (AL)
\c@float@type=\count345
\float@exts=\toks47
\float@box=\box73
\@float@everytoks=\toks48
\@floatcapt=\box74
)
\c@minted@FancyVerbLineTemp=\count346
\@float@every@listing=\toks49
\c@listing=\count347
)
(/usr/local/texlive/2024/texmf-dist/tex/latex/l3backend/l3backend-luatex.def
File: l3backend-luatex.def 2024-05-08 L3 backend support: PDF output (LuaTeX)
\l__color_backend_stack_int=\count348
Inserting `l3color' in `luaotfload.parse_color'.
\l__pdf_internal_box=\box75
)
(./main.aux

LaTeX Warning: Label `fig:my_label' multiply defined.


LaTeX Warning: Label `fig:my_label' multiply defined.


LaTeX Warning: Label `fig:F_plot' multiply defined.


LaTeX Warning: Label `fig' multiply defined.


LaTeX Warning: Label `fig' multiply defined.

)
\openout1 = main.aux

LaTeX Font Info:    Checking defaults for OML/cmm/m/it on input line 20.
LaTeX Font Info:    ... okay on input line 20.
LaTeX Font Info:    Checking defaults for OMS/cmsy/m/n on input line 20.
LaTeX Font Info:    ... okay on input line 20.
LaTeX Font Info:    Checking defaults for OT1/cmr/m/n on input line 20.
LaTeX Font Info:    ... okay on input line 20.
LaTeX Font Info:    Checking defaults for T1/cmr/m/n on input line 20.
LaTeX Font Info:    ... okay on input line 20.
LaTeX Font Info:    Checking defaults for TS1/cmr/m/n on input line 20.
LaTeX Font Info:    ... okay on input line 20.
LaTeX Font Info:    Checking defaults for TU/lmr/m/n on input line 20.
LaTeX Font Info:    ... okay on input line 20.
LaTeX Font Info:    Checking defaults for OMX/cmex/m/n on input line 20.
LaTeX Font Info:    ... okay on input line 20.
LaTeX Font Info:    Checking defaults for U/cmr/m/n on input line 20.
LaTeX Font Info:    ... okay on input line 20.
LaTeX Font Info:    Checking defaults for PD1/pdf/m/n on input line 20.
LaTeX Font Info:    ... okay on input line 20.
LaTeX Font Info:    Checking defaults for PU/pdf/m/n on input line 20.
LaTeX Font Info:    ... okay on input line 20.

*geometry* driver: auto-detecting
*geometry* detected driver: luatex
*geometry* verbose mode - [ preamble ] result:
* driver: luatex
* paper: a4paper
* layout: <same size as paper>
* layoutoffset:(h,v)=(0.0pt,0.0pt)
* modes: 
* h-part:(L,W,R)=(72.26999pt, 452.9679pt, 72.26999pt)
* v-part:(T,H,B)=(72.26999pt, 700.50687pt, 72.26999pt)
* \paperwidth=597.50787pt
* \paperheight=845.04684pt
* \textwidth=452.9679pt
* \textheight=700.50687pt
* \oddsidemargin=0.0pt
* \evensidemargin=0.0pt
* \topmargin=-37.0pt
* \headheight=12.0pt
* \headsep=25.0pt
* \topskip=12.0pt
* \footskip=30.0pt
* \marginparwidth=35.0pt
* \marginparsep=10.0pt
* \columnsep=10.0pt
* \skip\footins=10.8pt plus 4.0pt minus 2.0pt
* \hoffset=0.0pt
* \voffset=0.0pt
* \mag=1000
* \@twocolumnfalse
* \@twosidefalse
* \@mparswitchfalse
* \@reversemarginfalse
* (1in=72.27pt=25.4mm, 1cm=28.453pt)

(/usr/local/texlive/2024/texmf-dist/tex/context/base/mkii/supp-pdf.mkii
[Loading MPS to PDF converter (version 2006.09.02).]
\scratchcounter=\count349
\scratchdimen=\dimen304
\scratchbox=\box76
\nofMPsegments=\count350
\nofMParguments=\count351
\everyMPshowfont=\toks50
\MPscratchCnt=\count352
\MPscratchDim=\dimen305
\MPnumerator=\count353
\makeMPintoPDFobject=\count354
\everyMPtoPDFconversion=\toks51
) (/usr/local/texlive/2024/texmf-dist/tex/latex/epstopdf-pkg/epstopdf-base.sty
Package: epstopdf-base 2020-01-24 v2.11 Base part for package epstopdf
Package epstopdf-base Info: Redefining graphics rule for `.eps' on input line 4
85.

(/usr/local/texlive/2024/texmf-dist/tex/latex/latexconfig/epstopdf-sys.cfg
File: epstopdf-sys.cfg 2010/07/13 v1.3 Configuration of (r)epstopdf for TeX Liv
e
))
Package hyperref Info: Link coloring OFF on input line 20.

(./main.out) (./main.out)
\@outlinefile=\write5

\openout5 = main.out


[1

{/usr/local/texlive/2024/texmf-var/fonts/map/pdftex/updmap/pdftex.map}]
LaTeX Font Info:    Trying to load font information for U+msa on input line 42.


(/usr/local/texlive/2024/texmf-dist/tex/latex/amsfonts/umsa.fd
File: umsa.fd 2013/01/14 v3.01 AMS symbols A
)
LaTeX Font Info:    Trying to load font information for U+msb on input line 42.


(/usr/local/texlive/2024/texmf-dist/tex/latex/amsfonts/umsb.fd
File: umsb.fd 2013/01/14 v3.01 AMS symbols B
)

Package hyperref Warning: Token not allowed in a PDF string (Unicode):
(hyperref)                removing `math shift' on input line 42.


Package hyperref Warning: Token not allowed in a PDF string (Unicode):
(hyperref)                removing `math shift' on input line 42.


Package hyperref Warning: Token not allowed in a PDF string (Unicode):
(hyperref)                removing `math shift' on input line 42.


Package hyperref Warning: Token not allowed in a PDF string (Unicode):
(hyperref)                removing `\pm' on input line 42.


Package hyperref Warning: Token not allowed in a PDF string (Unicode):
(hyperref)                removing `\Ustack' on input line 42.


Package hyperref Warning: Token not allowed in a PDF string (Unicode):
(hyperref)                removing `\begingroup' on input line 42.


Package hyperref Warning: Token not allowed in a PDF string (Unicode):
(hyperref)                removing `\endgroup' on input line 42.


Package hyperref Warning: Token not allowed in a PDF string (Unicode):
(hyperref)                removing `\@@over' on input line 42.


Package hyperref Warning: Token not allowed in a PDF string (Unicode):
(hyperref)                removing `math shift' on input line 42.




Package fancyhdr Warning: \headheight is too small (12.0pt): 
(fancyhdr)                Make it at least 14.49998pt, for example:
(fancyhdr)                \setlength{\headheight}{14.49998pt}.
(fancyhdr)                You might also make \topmargin smaller:
(fancyhdr)                \addtolength{\topmargin}{-2.49998pt}.


warning  (pdf backend): ignoring duplicate destination with the name 'page.1'
[1]


Package fancyhdr Warning: \headheight is too small (12.0pt): 
(fancyhdr)                Make it at least 14.49998pt, for example:
(fancyhdr)                \setlength{\headheight}{14.49998pt}.
(fancyhdr)                You might also make \topmargin smaller:
(fancyhdr)                \addtolength{\topmargin}{-2.49998pt}.

[2
warning  (pdf backend): ignoring duplicate destination with the name 'figure.1'
]

Package hyperref Warning: Token not allowed in a PDF string (Unicode):
(hyperref)                removing `math shift' on input line 161.


Package hyperref Warning: Token not allowed in a PDF string (Unicode):
(hyperref)                removing `\Ustack' on input line 161.


Package hyperref Warning: Token not allowed in a PDF string (Unicode):
(hyperref)                removing `\begingroup' on input line 161.


Package hyperref Warning: Token not allowed in a PDF string (Unicode):
(hyperref)                removing `\endgroup' on input line 161.


Package hyperref Warning: Token not allowed in a PDF string (Unicode):
(hyperref)                removing `\@@over' on input line 161.


Package hyperref Warning: Token not allowed in a PDF string (Unicode):
(hyperref)                removing `math shift' on input line 161.


Package hyperref Warning: Token not allowed in a PDF string (Unicode):
(hyperref)                removing `math shift' on input line 161.


Package hyperref Warning: Token not allowed in a PDF string (Unicode):
(hyperref)                removing `math shift' on input line 161.


Package hyperref Warning: Token not allowed in a PDF string (Unicode):
(hyperref)                removing `math shift' on input line 161.


Package hyperref Warning: Token not allowed in a PDF string (Unicode):
(hyperref)                removing `math shift' on input line 161.


Underfull \hbox (badness 10000) in paragraph at lines 168--170

 []




Package fancyhdr Warning: \headheight is too small (12.0pt): 
(fancyhdr)                Make it at least 14.49998pt, for example:
(fancyhdr)                \setlength{\headheight}{14.49998pt}.
(fancyhdr)                You might also make \topmargin smaller:
(fancyhdr)                \addtolength{\topmargin}{-2.49998pt}.

[3]

Package hyperref Warning: Token not allowed in a PDF string (Unicode):
(hyperref)                removing `math shift' on input line 206.


Package hyperref Warning: Token not allowed in a PDF string (Unicode):
(hyperref)                removing `math shift' on input line 206.


Package hyperref Warning: Token not allowed in a PDF string (Unicode):
(hyperref)                removing `math shift' on input line 206.


Package hyperref Warning: Token not allowed in a PDF string (Unicode):
(hyperref)                removing `math shift' on input line 206.


Package hyperref Warning: Token not allowed in a PDF string (Unicode):
(hyperref)                removing `math shift' on input line 206.


Package hyperref Warning: Token not allowed in a PDF string (Unicode):
(hyperref)                removing `math shift' on input line 206.


Package hyperref Warning: Token not allowed in a PDF string (Unicode):
(hyperref)                removing `math shift' on input line 206.


Package hyperref Warning: Token not allowed in a PDF string (Unicode):
(hyperref)                removing `math shift' on input line 206.


Package hyperref Warning: Token not allowed in a PDF string (Unicode):
(hyperref)                removing `math shift' on input line 206.


Package hyperref Warning: Token not allowed in a PDF string (Unicode):
(hyperref)                removing `math shift' on input line 206.


Package hyperref Warning: Token not allowed in a PDF string (Unicode):
(hyperref)                removing `math shift' on input line 206.


Package hyperref Warning: Token not allowed in a PDF string (Unicode):
(hyperref)                removing `\Ustack' on input line 206.


Package hyperref Warning: Token not allowed in a PDF string (Unicode):
(hyperref)                removing `\begingroup' on input line 206.


Package hyperref Warning: Token not allowed in a PDF string (Unicode):
(hyperref)                removing `\endgroup' on input line 206.


Package hyperref Warning: Token not allowed in a PDF string (Unicode):
(hyperref)                removing `\@@over' on input line 206.


Package hyperref Warning: Token not allowed in a PDF string (Unicode):
(hyperref)                removing `math shift' on input line 206.


Package hyperref Warning: Token not allowed in a PDF string (Unicode):
(hyperref)                removing `math shift' on input line 206.


Package hyperref Warning: Token not allowed in a PDF string (Unicode):
(hyperref)                removing `math shift' on input line 206.


Package hyperref Warning: Token not allowed in a PDF string (Unicode):
(hyperref)                removing `math shift' on input line 206.


Package hyperref Warning: Token not allowed in a PDF string (Unicode):
(hyperref)                removing `math shift' on input line 206.


Package hyperref Warning: Token not allowed in a PDF string (Unicode):
(hyperref)                removing `math shift' on input line 206.


Package hyperref Warning: Token not allowed in a PDF string (Unicode):
(hyperref)                removing `\epsilon' on input line 206.


Package hyperref Warning: Token not allowed in a PDF string (Unicode):
(hyperref)                removing `subscript' on input line 206.


Package hyperref Warning: Token not allowed in a PDF string (Unicode):
(hyperref)                removing `math shift' on input line 206.


Package hyperref Warning: Token not allowed in a PDF string (Unicode):
(hyperref)                removing `math shift' on input line 206.


Package hyperref Warning: Token not allowed in a PDF string (Unicode):
(hyperref)                removing `math shift' on input line 206.


Package hyperref Warning: Token not allowed in a PDF string (Unicode):
(hyperref)                removing `math shift' on input line 206.


Package hyperref Warning: Token not allowed in a PDF string (Unicode):
(hyperref)                removing `math shift' on input line 206.


! Package pgfkeys Error: I do not know the key '/tikz/undefined' and I am going
 to ignore it. Perhaps you misspelled it.

See the pgfkeys package documentation for explanation.
Type  H <return>  for immediate help.
 ...                                              
                                                  
l.229 }
     %
? 



Package fancyhdr Warning: \headheight is too small (12.0pt): 
(fancyhdr)                Make it at least 14.49998pt, for example:
(fancyhdr)                \setlength{\headheight}{14.49998pt}.
(fancyhdr)                You might also make \topmargin smaller:
(fancyhdr)                \addtolength{\topmargin}{-2.49998pt}.

[4]


Package fancyhdr Warning: \headheight is too small (12.0pt): 
(fancyhdr)                Make it at least 14.49998pt, for example:
(fancyhdr)                \setlength{\headheight}{14.49998pt}.
(fancyhdr)                You might also make \topmargin smaller:
(fancyhdr)                \addtolength{\topmargin}{-2.49998pt}.

[5]


Package fancyhdr Warning: \headheight is too small (12.0pt): 
(fancyhdr)                Make it at least 14.49998pt, for example:
(fancyhdr)                \setlength{\headheight}{14.49998pt}.
(fancyhdr)                You might also make \topmargin smaller:
(fancyhdr)                \addtolength{\topmargin}{-2.49998pt}.

[6]

Package hyperref Warning: Token not allowed in a PDF string (Unicode):
(hyperref)                removing `\let' on input line 353.


Package hyperref Warning: Token not allowed in a PDF string (Unicode):
(hyperref)                removing `\global' on input line 353.


Package hyperref Warning: Token not allowed in a PDF string (Unicode):
(hyperref)                removing `\let' on input line 353.


Package hyperref Warning: Token not allowed in a PDF string (Unicode):
(hyperref)                removing `math shift' on input line 353.


Package hyperref Warning: Token not allowed in a PDF string (Unicode):
(hyperref)                removing `math shift' on input line 353.


Package hyperref Warning: Token not allowed in a PDF string (Unicode):
(hyperref)                removing `\<def>-command' on input line 353.


Package hyperref Warning: Token not allowed in a PDF string (Unicode):
(hyperref)                removing `\@currenvir' on input line 353.


Package hyperref Warning: Token not allowed in a PDF string (Unicode):
(hyperref)                removing `\<let>-command' on input line 353.


Package hyperref Warning: Token not allowed in a PDF string (Unicode):
(hyperref)                removing `\dspbrk@context' on input line 353.


Package hyperref Warning: Token not allowed in a PDF string (Unicode):
(hyperref)                removing `\z@' on input line 353.


Package hyperref Warning: Token not allowed in a PDF string (Unicode):
(hyperref)                removing `\<let>-command' on input line 353.


Package hyperref Warning: Token not allowed in a PDF string (Unicode):
(hyperref)                removing `\tag' on input line 353.


Package hyperref Warning: Token not allowed in a PDF string (Unicode):
(hyperref)                removing `\global' on input line 353.


Package hyperref Warning: Token not allowed in a PDF string (Unicode):
(hyperref)                removing `\let' on input line 353.


Package hyperref Warning: Token not allowed in a PDF string (Unicode):
(hyperref)                removing `\<let>-command' on input line 353.


Package hyperref Warning: Token not allowed in a PDF string (Unicode):
(hyperref)                removing `\print@eqnum' on input line 353.


Package hyperref Warning: Token not allowed in a PDF string (Unicode):
(hyperref)                removing `\<let>-command' on input line 353.


Package hyperref Warning: Token not allowed in a PDF string (Unicode):
(hyperref)                removing `\incr@eqnum' on input line 353.


Package hyperref Warning: Token not allowed in a PDF string (Unicode):
(hyperref)                removing `\global' on input line 353.


Package hyperref Warning: Token not allowed in a PDF string (Unicode):
(hyperref)                removing `\let' on input line 353.


Package hyperref Warning: Token not allowed in a PDF string (Unicode):
(hyperref)                removing `\let' on input line 353.


Package hyperref Warning: Token not allowed in a PDF string (Unicode):
(hyperref)                removing `\hfuzz' on input line 353.


Package hyperref Warning: Token not allowed in a PDF string (Unicode):
(hyperref)                removing `\maxdimen' on input line 353.


Package hyperref Warning: Token not allowed in a PDF string (Unicode):
(hyperref)                removing `\setbox' on input line 353.


Package hyperref Warning: Token not allowed in a PDF string (Unicode):
(hyperref)                removing `\z@' on input line 353.


Package hyperref Warning: Token not allowed in a PDF string (Unicode):
(hyperref)                removing `\hbox' on input line 353.


Package hyperref Warning: Token not allowed in a PDF string (Unicode):
(hyperref)                removing `\displaywidth' on input line 353.


Package hyperref Warning: Token not allowed in a PDF string (Unicode):
(hyperref)                removing `\<let>-command' on input line 353.


Package hyperref Warning: Token not allowed in a PDF string (Unicode):
(hyperref)                removing `\split@warning' on input line 353.


Package hyperref Warning: Token not allowed in a PDF string (Unicode):
(hyperref)                removing `\everymath' on input line 353.


Package hyperref Warning: Token not allowed in a PDF string (Unicode):
(hyperref)                removing `\@emptytoks' on input line 353.


Package hyperref Warning: Token not allowed in a PDF string (Unicode):
(hyperref)                removing `\mathsurround' on input line 353.


Package hyperref Warning: Token not allowed in a PDF string (Unicode):
(hyperref)                removing `\z@' on input line 353.


Package hyperref Warning: Token not allowed in a PDF string (Unicode):
(hyperref)                removing `math shift' on input line 353.


Package hyperref Warning: Token not allowed in a PDF string (Unicode):
(hyperref)                removing `\displaystyle' on input line 353.


Package hyperref Warning: Token not allowed in a PDF string (Unicode):
(hyperref)                removing `subscript' on input line 353.


Package hyperref Warning: Token not allowed in a PDF string (Unicode):
(hyperref)                removing `subscript' on input line 353.


Package hyperref Warning: Token not allowed in a PDF string (Unicode):
(hyperref)                removing `math shift' on input line 353.


Package hyperref Warning: Token not allowed in a PDF string (Unicode):
(hyperref)                removing `math shift' on input line 353.


Package hyperref Warning: Token not allowed in a PDF string (Unicode):
(hyperref)                removing `\global' on input line 353.


Package hyperref Warning: Token not allowed in a PDF string (Unicode):
(hyperref)                removing `\<let>-command' on input line 353.


Package hyperref Warning: Token not allowed in a PDF string (Unicode):
(hyperref)                removing `\df@label' on input line 353.


Package hyperref Warning: Token not allowed in a PDF string (Unicode):
(hyperref)                removing `\global' on input line 353.


Package hyperref Warning: Token not allowed in a PDF string (Unicode):
(hyperref)                removing `\<let>-command' on input line 353.


Package hyperref Warning: Token not allowed in a PDF string (Unicode):
(hyperref)                removing `\df@tag' on input line 353.


Package hyperref Warning: Token not allowed in a PDF string (Unicode):
(hyperref)                removing `\global' on input line 353.


Package hyperref Warning: Token not allowed in a PDF string (Unicode):
(hyperref)                removing `\let' on input line 353.


Package hyperref Warning: Token not allowed in a PDF string (Unicode):
(hyperref)                removing `\global' on input line 353.


Package hyperref Warning: Token not allowed in a PDF string (Unicode):
(hyperref)                removing `\<let>-command' on input line 353.


Package hyperref Warning: Token not allowed in a PDF string (Unicode):
(hyperref)                removing `\alt@tag' on input line 353.


Package hyperref Warning: Token not allowed in a PDF string (Unicode):
(hyperref)                removing `\global' on input line 353.


Package hyperref Warning: Token not allowed in a PDF string (Unicode):
(hyperref)                removing `\let' on input line 353.


Package hyperref Warning: Token not allowed in a PDF string (Unicode):
(hyperref)                removing `\global' on input line 353.


Package hyperref Warning: Token not allowed in a PDF string (Unicode):
(hyperref)                removing `\let' on input line 353.


Package hyperref Warning: Token not allowed in a PDF string (Unicode):
(hyperref)                removing `\global' on input line 353.


Package hyperref Warning: Token not allowed in a PDF string (Unicode):
(hyperref)                removing `\global' on input line 353.


Package hyperref Warning: Token not allowed in a PDF string (Unicode):
(hyperref)                removing `\let' on input line 353.


Package hyperref Warning: Token not allowed in a PDF string (Unicode):
(hyperref)                removing `\global' on input line 353.


Package hyperref Warning: Token not allowed in a PDF string (Unicode):
(hyperref)                removing `\global' on input line 353.


Package hyperref Warning: Token not allowed in a PDF string (Unicode):
(hyperref)                removing `\let' on input line 353.


Package hyperref Warning: Token not allowed in a PDF string (Unicode):
(hyperref)                removing `math shift' on input line 353.


Package hyperref Warning: Token not allowed in a PDF string (Unicode):
(hyperref)                removing `subscript' on input line 353.


Package hyperref Warning: Token not allowed in a PDF string (Unicode):
(hyperref)                removing `math shift' on input line 353.


Package hyperref Warning: Token not allowed in a PDF string (Unicode):
(hyperref)                removing `\let' on input line 353.


Package hyperref Warning: Token not allowed in a PDF string (Unicode):
(hyperref)                removing `\global' on input line 353.


Package hyperref Warning: Token not allowed in a PDF string (Unicode):
(hyperref)                removing `\let' on input line 353.


Package hyperref Warning: Token not allowed in a PDF string (Unicode):
(hyperref)                removing `math shift' on input line 353.


Package hyperref Warning: Token not allowed in a PDF string (Unicode):
(hyperref)                removing `math shift' on input line 353.


Package hyperref Warning: Token not allowed in a PDF string (Unicode):
(hyperref)                removing `\<def>-command' on input line 353.


Package hyperref Warning: Token not allowed in a PDF string (Unicode):
(hyperref)                removing `\@currenvir' on input line 353.


Package hyperref Warning: Token not allowed in a PDF string (Unicode):
(hyperref)                removing `\<let>-command' on input line 353.


Package hyperref Warning: Token not allowed in a PDF string (Unicode):
(hyperref)                removing `\dspbrk@context' on input line 353.


Package hyperref Warning: Token not allowed in a PDF string (Unicode):
(hyperref)                removing `\z@' on input line 353.


Package hyperref Warning: Token not allowed in a PDF string (Unicode):
(hyperref)                removing `\<let>-command' on input line 353.


Package hyperref Warning: Token not allowed in a PDF string (Unicode):
(hyperref)                removing `\tag' on input line 353.


Package hyperref Warning: Token not allowed in a PDF string (Unicode):
(hyperref)                removing `\global' on input line 353.


Package hyperref Warning: Token not allowed in a PDF string (Unicode):
(hyperref)                removing `\let' on input line 353.


Package hyperref Warning: Token not allowed in a PDF string (Unicode):
(hyperref)                removing `\<let>-command' on input line 353.


Package hyperref Warning: Token not allowed in a PDF string (Unicode):
(hyperref)                removing `\print@eqnum' on input line 353.


Package hyperref Warning: Token not allowed in a PDF string (Unicode):
(hyperref)                removing `\<let>-command' on input line 353.


Package hyperref Warning: Token not allowed in a PDF string (Unicode):
(hyperref)                removing `\incr@eqnum' on input line 353.


Package hyperref Warning: Token not allowed in a PDF string (Unicode):
(hyperref)                removing `\global' on input line 353.


Package hyperref Warning: Token not allowed in a PDF string (Unicode):
(hyperref)                removing `\let' on input line 353.


Package hyperref Warning: Token not allowed in a PDF string (Unicode):
(hyperref)                removing `\let' on input line 353.


Package hyperref Warning: Token not allowed in a PDF string (Unicode):
(hyperref)                removing `\hfuzz' on input line 353.


Package hyperref Warning: Token not allowed in a PDF string (Unicode):
(hyperref)                removing `\maxdimen' on input line 353.


Package hyperref Warning: Token not allowed in a PDF string (Unicode):
(hyperref)                removing `\setbox' on input line 353.


Package hyperref Warning: Token not allowed in a PDF string (Unicode):
(hyperref)                removing `\z@' on input line 353.


Package hyperref Warning: Token not allowed in a PDF string (Unicode):
(hyperref)                removing `\hbox' on input line 353.


Package hyperref Warning: Token not allowed in a PDF string (Unicode):
(hyperref)                removing `\displaywidth' on input line 353.


Package hyperref Warning: Token not allowed in a PDF string (Unicode):
(hyperref)                removing `\<let>-command' on input line 353.


Package hyperref Warning: Token not allowed in a PDF string (Unicode):
(hyperref)                removing `\split@warning' on input line 353.


Package hyperref Warning: Token not allowed in a PDF string (Unicode):
(hyperref)                removing `\everymath' on input line 353.


Package hyperref Warning: Token not allowed in a PDF string (Unicode):
(hyperref)                removing `\@emptytoks' on input line 353.


Package hyperref Warning: Token not allowed in a PDF string (Unicode):
(hyperref)                removing `\mathsurround' on input line 353.


Package hyperref Warning: Token not allowed in a PDF string (Unicode):
(hyperref)                removing `\z@' on input line 353.


Package hyperref Warning: Token not allowed in a PDF string (Unicode):
(hyperref)                removing `math shift' on input line 353.


Package hyperref Warning: Token not allowed in a PDF string (Unicode):
(hyperref)                removing `\displaystyle' on input line 353.


Package hyperref Warning: Token not allowed in a PDF string (Unicode):
(hyperref)                removing `\theta' on input line 353.


Package hyperref Warning: Token not allowed in a PDF string (Unicode):
(hyperref)                removing `\Ustack' on input line 353.


Package hyperref Warning: Token not allowed in a PDF string (Unicode):
(hyperref)                removing `\begingroup' on input line 353.


Package hyperref Warning: Token not allowed in a PDF string (Unicode):
(hyperref)                removing `\pi' on input line 353.


Package hyperref Warning: Token not allowed in a PDF string (Unicode):
(hyperref)                removing `\endgroup' on input line 353.


Package hyperref Warning: Token not allowed in a PDF string (Unicode):
(hyperref)                removing `\@@over' on input line 353.


Package hyperref Warning: Token not allowed in a PDF string (Unicode):
(hyperref)                \hskip 12.0pt
(hyperref)                replaced by space on input line 353.


Package hyperref Warning: Token not allowed in a PDF string (Unicode):
(hyperref)                removing `\phi' on input line 353.


Package hyperref Warning: Token not allowed in a PDF string (Unicode):
(hyperref)                removing `\pi' on input line 353.


Package hyperref Warning: Token not allowed in a PDF string (Unicode):
(hyperref)                removing `math shift' on input line 353.


Package hyperref Warning: Token not allowed in a PDF string (Unicode):
(hyperref)                removing `math shift' on input line 353.


Package hyperref Warning: Token not allowed in a PDF string (Unicode):
(hyperref)                removing `\global' on input line 353.


Package hyperref Warning: Token not allowed in a PDF string (Unicode):
(hyperref)                removing `\<let>-command' on input line 353.


Package hyperref Warning: Token not allowed in a PDF string (Unicode):
(hyperref)                removing `\df@label' on input line 353.


Package hyperref Warning: Token not allowed in a PDF string (Unicode):
(hyperref)                removing `\global' on input line 353.


Package hyperref Warning: Token not allowed in a PDF string (Unicode):
(hyperref)                removing `\<let>-command' on input line 353.


Package hyperref Warning: Token not allowed in a PDF string (Unicode):
(hyperref)                removing `\df@tag' on input line 353.


Package hyperref Warning: Token not allowed in a PDF string (Unicode):
(hyperref)                removing `\global' on input line 353.


Package hyperref Warning: Token not allowed in a PDF string (Unicode):
(hyperref)                removing `\let' on input line 353.


Package hyperref Warning: Token not allowed in a PDF string (Unicode):
(hyperref)                removing `\global' on input line 353.


Package hyperref Warning: Token not allowed in a PDF string (Unicode):
(hyperref)                removing `\<let>-command' on input line 353.


Package hyperref Warning: Token not allowed in a PDF string (Unicode):
(hyperref)                removing `\alt@tag' on input line 353.


Package hyperref Warning: Token not allowed in a PDF string (Unicode):
(hyperref)                removing `\global' on input line 353.


Package hyperref Warning: Token not allowed in a PDF string (Unicode):
(hyperref)                removing `\let' on input line 353.


Package hyperref Warning: Token not allowed in a PDF string (Unicode):
(hyperref)                removing `\global' on input line 353.


Package hyperref Warning: Token not allowed in a PDF string (Unicode):
(hyperref)                removing `\let' on input line 353.


Package hyperref Warning: Token not allowed in a PDF string (Unicode):
(hyperref)                removing `\global' on input line 353.


Package hyperref Warning: Token not allowed in a PDF string (Unicode):
(hyperref)                removing `\global' on input line 353.


Package hyperref Warning: Token not allowed in a PDF string (Unicode):
(hyperref)                removing `\let' on input line 353.


Package hyperref Warning: Token not allowed in a PDF string (Unicode):
(hyperref)                removing `\global' on input line 353.


Package hyperref Warning: Token not allowed in a PDF string (Unicode):
(hyperref)                removing `\global' on input line 353.


Package hyperref Warning: Token not allowed in a PDF string (Unicode):
(hyperref)                removing `\let' on input line 353.


Package hyperref Warning: Token not allowed in a PDF string (Unicode):
(hyperref)                removing `\let' on input line 353.


Package hyperref Warning: Token not allowed in a PDF string (Unicode):
(hyperref)                removing `\global' on input line 353.


Package hyperref Warning: Token not allowed in a PDF string (Unicode):
(hyperref)                removing `\let' on input line 353.


Package hyperref Warning: Token not allowed in a PDF string (Unicode):
(hyperref)                removing `math shift' on input line 353.


Package hyperref Warning: Token not allowed in a PDF string (Unicode):
(hyperref)                removing `math shift' on input line 353.


Package hyperref Warning: Token not allowed in a PDF string (Unicode):
(hyperref)                removing `\<def>-command' on input line 353.


Package hyperref Warning: Token not allowed in a PDF string (Unicode):
(hyperref)                removing `\@currenvir' on input line 353.


Package hyperref Warning: Token not allowed in a PDF string (Unicode):
(hyperref)                removing `\<let>-command' on input line 353.


Package hyperref Warning: Token not allowed in a PDF string (Unicode):
(hyperref)                removing `\dspbrk@context' on input line 353.


Package hyperref Warning: Token not allowed in a PDF string (Unicode):
(hyperref)                removing `\z@' on input line 353.


Package hyperref Warning: Token not allowed in a PDF string (Unicode):
(hyperref)                removing `\<let>-command' on input line 353.


Package hyperref Warning: Token not allowed in a PDF string (Unicode):
(hyperref)                removing `\tag' on input line 353.


Package hyperref Warning: Token not allowed in a PDF string (Unicode):
(hyperref)                removing `\global' on input line 353.


Package hyperref Warning: Token not allowed in a PDF string (Unicode):
(hyperref)                removing `\let' on input line 353.


Package hyperref Warning: Token not allowed in a PDF string (Unicode):
(hyperref)                removing `\<let>-command' on input line 353.


Package hyperref Warning: Token not allowed in a PDF string (Unicode):
(hyperref)                removing `\print@eqnum' on input line 353.


Package hyperref Warning: Token not allowed in a PDF string (Unicode):
(hyperref)                removing `\<let>-command' on input line 353.


Package hyperref Warning: Token not allowed in a PDF string (Unicode):
(hyperref)                removing `\incr@eqnum' on input line 353.


Package hyperref Warning: Token not allowed in a PDF string (Unicode):
(hyperref)                removing `\global' on input line 353.


Package hyperref Warning: Token not allowed in a PDF string (Unicode):
(hyperref)                removing `\let' on input line 353.


Package hyperref Warning: Token not allowed in a PDF string (Unicode):
(hyperref)                removing `\let' on input line 353.


Package hyperref Warning: Token not allowed in a PDF string (Unicode):
(hyperref)                removing `\hfuzz' on input line 353.


Package hyperref Warning: Token not allowed in a PDF string (Unicode):
(hyperref)                removing `\maxdimen' on input line 353.


Package hyperref Warning: Token not allowed in a PDF string (Unicode):
(hyperref)                removing `\setbox' on input line 353.


Package hyperref Warning: Token not allowed in a PDF string (Unicode):
(hyperref)                removing `\z@' on input line 353.


Package hyperref Warning: Token not allowed in a PDF string (Unicode):
(hyperref)                removing `\hbox' on input line 353.


Package hyperref Warning: Token not allowed in a PDF string (Unicode):
(hyperref)                removing `\displaywidth' on input line 353.


Package hyperref Warning: Token not allowed in a PDF string (Unicode):
(hyperref)                removing `\<let>-command' on input line 353.


Package hyperref Warning: Token not allowed in a PDF string (Unicode):
(hyperref)                removing `\split@warning' on input line 353.


Package hyperref Warning: Token not allowed in a PDF string (Unicode):
(hyperref)                removing `\everymath' on input line 353.


Package hyperref Warning: Token not allowed in a PDF string (Unicode):
(hyperref)                removing `\@emptytoks' on input line 353.


Package hyperref Warning: Token not allowed in a PDF string (Unicode):
(hyperref)                removing `\mathsurround' on input line 353.


Package hyperref Warning: Token not allowed in a PDF string (Unicode):
(hyperref)                removing `\z@' on input line 353.


Package hyperref Warning: Token not allowed in a PDF string (Unicode):
(hyperref)                removing `math shift' on input line 353.


Package hyperref Warning: Token not allowed in a PDF string (Unicode):
(hyperref)                removing `\displaystyle' on input line 353.


Package hyperref Warning: Token not allowed in a PDF string (Unicode):
(hyperref)                removing `subscript' on input line 353.


Package hyperref Warning: Token not allowed in a PDF string (Unicode):
(hyperref)                removing `subscript' on input line 353.


Package hyperref Warning: Token not allowed in a PDF string (Unicode):
(hyperref)                removing `math shift' on input line 353.


Package hyperref Warning: Token not allowed in a PDF string (Unicode):
(hyperref)                removing `math shift' on input line 353.


Package hyperref Warning: Token not allowed in a PDF string (Unicode):
(hyperref)                removing `\global' on input line 353.


Package hyperref Warning: Token not allowed in a PDF string (Unicode):
(hyperref)                removing `\<let>-command' on input line 353.


Package hyperref Warning: Token not allowed in a PDF string (Unicode):
(hyperref)                removing `\df@label' on input line 353.


Package hyperref Warning: Token not allowed in a PDF string (Unicode):
(hyperref)                removing `\global' on input line 353.


Package hyperref Warning: Token not allowed in a PDF string (Unicode):
(hyperref)                removing `\<let>-command' on input line 353.


Package hyperref Warning: Token not allowed in a PDF string (Unicode):
(hyperref)                removing `\df@tag' on input line 353.


Package hyperref Warning: Token not allowed in a PDF string (Unicode):
(hyperref)                removing `\global' on input line 353.


Package hyperref Warning: Token not allowed in a PDF string (Unicode):
(hyperref)                removing `\let' on input line 353.


Package hyperref Warning: Token not allowed in a PDF string (Unicode):
(hyperref)                removing `\global' on input line 353.


Package hyperref Warning: Token not allowed in a PDF string (Unicode):
(hyperref)                removing `\<let>-command' on input line 353.


Package hyperref Warning: Token not allowed in a PDF string (Unicode):
(hyperref)                removing `\alt@tag' on input line 353.


Package hyperref Warning: Token not allowed in a PDF string (Unicode):
(hyperref)                removing `\global' on input line 353.


Package hyperref Warning: Token not allowed in a PDF string (Unicode):
(hyperref)                removing `\let' on input line 353.


Package hyperref Warning: Token not allowed in a PDF string (Unicode):
(hyperref)                removing `\global' on input line 353.


Package hyperref Warning: Token not allowed in a PDF string (Unicode):
(hyperref)                removing `\let' on input line 353.


Package hyperref Warning: Token not allowed in a PDF string (Unicode):
(hyperref)                removing `\global' on input line 353.


Package hyperref Warning: Token not allowed in a PDF string (Unicode):
(hyperref)                removing `\global' on input line 353.


Package hyperref Warning: Token not allowed in a PDF string (Unicode):
(hyperref)                removing `\let' on input line 353.


Package hyperref Warning: Token not allowed in a PDF string (Unicode):
(hyperref)                removing `\global' on input line 353.


Package hyperref Warning: Token not allowed in a PDF string (Unicode):
(hyperref)                removing `\global' on input line 353.


Package hyperref Warning: Token not allowed in a PDF string (Unicode):
(hyperref)                removing `\let' on input line 353.


Package hyperref Warning: Token not allowed in a PDF string (Unicode):
(hyperref)                removing `math shift' on input line 353.


Package hyperref Warning: Token not allowed in a PDF string (Unicode):
(hyperref)                removing `subscript' on input line 353.


Package hyperref Warning: Token not allowed in a PDF string (Unicode):
(hyperref)                removing `math shift' on input line 353.




Package fancyhdr Warning: \headheight is too small (12.0pt): 
(fancyhdr)                Make it at least 14.49998pt, for example:
(fancyhdr)                \setlength{\headheight}{14.49998pt}.
(fancyhdr)                You might also make \topmargin smaller:
(fancyhdr)                \addtolength{\topmargin}{-2.49998pt}.

[7]

Package hyperref Warning: Token not allowed in a PDF string (Unicode):
(hyperref)                removing `math shift' on input line 355.


Package hyperref Warning: Token not allowed in a PDF string (Unicode):
(hyperref)                removing `subscript' on input line 355.


Package hyperref Warning: Token not allowed in a PDF string (Unicode):
(hyperref)                removing `subscript' on input line 355.




Package fancyhdr Warning: \headheight is too small (12.0pt): 
(fancyhdr)                Make it at least 14.49998pt, for example:
(fancyhdr)                \setlength{\headheight}{14.49998pt}.
(fancyhdr)                You might also make \topmargin smaller:
(fancyhdr)                \addtolength{\topmargin}{-2.49998pt}.

[8]

Package hyperref Warning: Token not allowed in a PDF string (Unicode):
(hyperref)                removing `math shift' on input line 417.


Package hyperref Warning: Token not allowed in a PDF string (Unicode):
(hyperref)                removing `subscript' on input line 417.


Package hyperref Warning: Token not allowed in a PDF string (Unicode):
(hyperref)                removing `subscript' on input line 417.




Package fancyhdr Warning: \headheight is too small (12.0pt): 
(fancyhdr)                Make it at least 14.49998pt, for example:
(fancyhdr)                \setlength{\headheight}{14.49998pt}.
(fancyhdr)                You might also make \topmargin smaller:
(fancyhdr)                \addtolength{\topmargin}{-2.49998pt}.

[9]

Package hyperref Warning: Token not allowed in a PDF string (Unicode):
(hyperref)                removing `math shift' on input line 473.


Package hyperref Warning: Token not allowed in a PDF string (Unicode):
(hyperref)                removing `\let' on input line 473.


Package hyperref Warning: Token not allowed in a PDF string (Unicode):
(hyperref)                removing `\global' on input line 473.


Package hyperref Warning: Token not allowed in a PDF string (Unicode):
(hyperref)                removing `\let' on input line 473.


Package hyperref Warning: Token not allowed in a PDF string (Unicode):
(hyperref)                removing `math shift' on input line 473.


Package hyperref Warning: Token not allowed in a PDF string (Unicode):
(hyperref)                removing `math shift' on input line 473.


Package hyperref Warning: Token not allowed in a PDF string (Unicode):
(hyperref)                removing `\<def>-command' on input line 473.


Package hyperref Warning: Token not allowed in a PDF string (Unicode):
(hyperref)                removing `\@currenvir' on input line 473.


Package hyperref Warning: Token not allowed in a PDF string (Unicode):
(hyperref)                removing `\<let>-command' on input line 473.


Package hyperref Warning: Token not allowed in a PDF string (Unicode):
(hyperref)                removing `\dspbrk@context' on input line 473.


Package hyperref Warning: Token not allowed in a PDF string (Unicode):
(hyperref)                removing `\z@' on input line 473.


Package hyperref Warning: Token not allowed in a PDF string (Unicode):
(hyperref)                removing `\<let>-command' on input line 473.


Package hyperref Warning: Token not allowed in a PDF string (Unicode):
(hyperref)                removing `\tag' on input line 473.


Package hyperref Warning: Token not allowed in a PDF string (Unicode):
(hyperref)                removing `\global' on input line 473.


Package hyperref Warning: Token not allowed in a PDF string (Unicode):
(hyperref)                removing `\let' on input line 473.


Package hyperref Warning: Token not allowed in a PDF string (Unicode):
(hyperref)                removing `\<let>-command' on input line 473.


Package hyperref Warning: Token not allowed in a PDF string (Unicode):
(hyperref)                removing `\print@eqnum' on input line 473.


Package hyperref Warning: Token not allowed in a PDF string (Unicode):
(hyperref)                removing `\<let>-command' on input line 473.


Package hyperref Warning: Token not allowed in a PDF string (Unicode):
(hyperref)                removing `\incr@eqnum' on input line 473.


Package hyperref Warning: Token not allowed in a PDF string (Unicode):
(hyperref)                removing `\global' on input line 473.


Package hyperref Warning: Token not allowed in a PDF string (Unicode):
(hyperref)                removing `\let' on input line 473.


Package hyperref Warning: Token not allowed in a PDF string (Unicode):
(hyperref)                removing `\let' on input line 473.


Package hyperref Warning: Token not allowed in a PDF string (Unicode):
(hyperref)                removing `\hfuzz' on input line 473.


Package hyperref Warning: Token not allowed in a PDF string (Unicode):
(hyperref)                removing `\maxdimen' on input line 473.


Package hyperref Warning: Token not allowed in a PDF string (Unicode):
(hyperref)                removing `\setbox' on input line 473.


Package hyperref Warning: Token not allowed in a PDF string (Unicode):
(hyperref)                removing `\z@' on input line 473.


Package hyperref Warning: Token not allowed in a PDF string (Unicode):
(hyperref)                removing `\hbox' on input line 473.


Package hyperref Warning: Token not allowed in a PDF string (Unicode):
(hyperref)                removing `\displaywidth' on input line 473.


Package hyperref Warning: Token not allowed in a PDF string (Unicode):
(hyperref)                removing `\<let>-command' on input line 473.


Package hyperref Warning: Token not allowed in a PDF string (Unicode):
(hyperref)                removing `\split@warning' on input line 473.


Package hyperref Warning: Token not allowed in a PDF string (Unicode):
(hyperref)                removing `\everymath' on input line 473.


Package hyperref Warning: Token not allowed in a PDF string (Unicode):
(hyperref)                removing `\@emptytoks' on input line 473.


Package hyperref Warning: Token not allowed in a PDF string (Unicode):
(hyperref)                removing `\mathsurround' on input line 473.


Package hyperref Warning: Token not allowed in a PDF string (Unicode):
(hyperref)                removing `\z@' on input line 473.


Package hyperref Warning: Token not allowed in a PDF string (Unicode):
(hyperref)                removing `math shift' on input line 473.


Package hyperref Warning: Token not allowed in a PDF string (Unicode):
(hyperref)                removing `\displaystyle' on input line 473.


Package hyperref Warning: Token not allowed in a PDF string (Unicode):
(hyperref)                removing `\rho' on input line 473.


Package hyperref Warning: Token not allowed in a PDF string (Unicode):
(hyperref)                removing `subscript' on input line 473.


Package hyperref Warning: Token not allowed in a PDF string (Unicode):
(hyperref)                removing `\rho' on input line 473.


Package hyperref Warning: Token not allowed in a PDF string (Unicode):
(hyperref)                removing `superscript' on input line 473.


Package hyperref Warning: Token not allowed in a PDF string (Unicode):
(hyperref)                removing `math shift' on input line 473.


Package hyperref Warning: Token not allowed in a PDF string (Unicode):
(hyperref)                removing `math shift' on input line 473.


Package hyperref Warning: Token not allowed in a PDF string (Unicode):
(hyperref)                removing `\global' on input line 473.


Package hyperref Warning: Token not allowed in a PDF string (Unicode):
(hyperref)                removing `\<let>-command' on input line 473.


Package hyperref Warning: Token not allowed in a PDF string (Unicode):
(hyperref)                removing `\df@label' on input line 473.


Package hyperref Warning: Token not allowed in a PDF string (Unicode):
(hyperref)                removing `\global' on input line 473.


Package hyperref Warning: Token not allowed in a PDF string (Unicode):
(hyperref)                removing `\<let>-command' on input line 473.


Package hyperref Warning: Token not allowed in a PDF string (Unicode):
(hyperref)                removing `\df@tag' on input line 473.


Package hyperref Warning: Token not allowed in a PDF string (Unicode):
(hyperref)                removing `\global' on input line 473.


Package hyperref Warning: Token not allowed in a PDF string (Unicode):
(hyperref)                removing `\let' on input line 473.


Package hyperref Warning: Token not allowed in a PDF string (Unicode):
(hyperref)                removing `\global' on input line 473.


Package hyperref Warning: Token not allowed in a PDF string (Unicode):
(hyperref)                removing `\<let>-command' on input line 473.


Package hyperref Warning: Token not allowed in a PDF string (Unicode):
(hyperref)                removing `\alt@tag' on input line 473.


Package hyperref Warning: Token not allowed in a PDF string (Unicode):
(hyperref)                removing `\global' on input line 473.


Package hyperref Warning: Token not allowed in a PDF string (Unicode):
(hyperref)                removing `\let' on input line 473.


Package hyperref Warning: Token not allowed in a PDF string (Unicode):
(hyperref)                removing `\global' on input line 473.


Package hyperref Warning: Token not allowed in a PDF string (Unicode):
(hyperref)                removing `\let' on input line 473.


Package hyperref Warning: Token not allowed in a PDF string (Unicode):
(hyperref)                removing `\global' on input line 473.


Package hyperref Warning: Token not allowed in a PDF string (Unicode):
(hyperref)                removing `\global' on input line 473.


Package hyperref Warning: Token not allowed in a PDF string (Unicode):
(hyperref)                removing `\let' on input line 473.


Package hyperref Warning: Token not allowed in a PDF string (Unicode):
(hyperref)                removing `\global' on input line 473.


Package hyperref Warning: Token not allowed in a PDF string (Unicode):
(hyperref)                removing `\global' on input line 473.


Package hyperref Warning: Token not allowed in a PDF string (Unicode):
(hyperref)                removing `\let' on input line 473.


Package hyperref Warning: Token not allowed in a PDF string (Unicode):
(hyperref)                removing `math shift' on input line 473.


Package hyperref Warning: Token not allowed in a PDF string (Unicode):
(hyperref)                removing `math shift' on input line 473.


Package hyperref Warning: Token not allowed in a PDF string (Unicode):
(hyperref)                removing `math shift' on input line 481.


Package hyperref Warning: Token not allowed in a PDF string (Unicode):
(hyperref)                removing `\leq' on input line 481.


Package hyperref Warning: Token not allowed in a PDF string (Unicode):
(hyperref)                removing `\rho' on input line 481.




Package fancyhdr Warning: \headheight is too small (12.0pt): 
(fancyhdr)                Make it at least 14.49998pt, for example:
(fancyhdr)                \setlength{\headheight}{14.49998pt}.
(fancyhdr)                You might also make \topmargin smaller:
(fancyhdr)                \addtolength{\topmargin}{-2.49998pt}.

[10]

Package hyperref Warning: Token not allowed in a PDF string (Unicode):
(hyperref)                removing `math shift' on input line 547.


Package hyperref Warning: Token not allowed in a PDF string (Unicode):
(hyperref)                removing `\rho' on input line 547.


Package hyperref Warning: Token not allowed in a PDF string (Unicode):
(hyperref)                removing `\geq' on input line 547.




Package fancyhdr Warning: \headheight is too small (12.0pt): 
(fancyhdr)                Make it at least 14.49998pt, for example:
(fancyhdr)                \setlength{\headheight}{14.49998pt}.
(fancyhdr)                You might also make \topmargin smaller:
(fancyhdr)                \addtolength{\topmargin}{-2.49998pt}.

[11]

Package hyperref Warning: Token not allowed in a PDF string (Unicode):
(hyperref)                removing `\let' on input line 582.


Package hyperref Warning: Token not allowed in a PDF string (Unicode):
(hyperref)                removing `\global' on input line 582.


Package hyperref Warning: Token not allowed in a PDF string (Unicode):
(hyperref)                removing `\let' on input line 582.


Package hyperref Warning: Token not allowed in a PDF string (Unicode):
(hyperref)                removing `math shift' on input line 582.


Package hyperref Warning: Token not allowed in a PDF string (Unicode):
(hyperref)                removing `math shift' on input line 582.


Package hyperref Warning: Token not allowed in a PDF string (Unicode):
(hyperref)                removing `\<def>-command' on input line 582.


Package hyperref Warning: Token not allowed in a PDF string (Unicode):
(hyperref)                removing `\@currenvir' on input line 582.


Package hyperref Warning: Token not allowed in a PDF string (Unicode):
(hyperref)                removing `\<let>-command' on input line 582.


Package hyperref Warning: Token not allowed in a PDF string (Unicode):
(hyperref)                removing `\dspbrk@context' on input line 582.


Package hyperref Warning: Token not allowed in a PDF string (Unicode):
(hyperref)                removing `\z@' on input line 582.


Package hyperref Warning: Token not allowed in a PDF string (Unicode):
(hyperref)                removing `\<let>-command' on input line 582.


Package hyperref Warning: Token not allowed in a PDF string (Unicode):
(hyperref)                removing `\tag' on input line 582.


Package hyperref Warning: Token not allowed in a PDF string (Unicode):
(hyperref)                removing `\global' on input line 582.


Package hyperref Warning: Token not allowed in a PDF string (Unicode):
(hyperref)                removing `\let' on input line 582.


Package hyperref Warning: Token not allowed in a PDF string (Unicode):
(hyperref)                removing `\<let>-command' on input line 582.


Package hyperref Warning: Token not allowed in a PDF string (Unicode):
(hyperref)                removing `\print@eqnum' on input line 582.


Package hyperref Warning: Token not allowed in a PDF string (Unicode):
(hyperref)                removing `\<let>-command' on input line 582.


Package hyperref Warning: Token not allowed in a PDF string (Unicode):
(hyperref)                removing `\incr@eqnum' on input line 582.


Package hyperref Warning: Token not allowed in a PDF string (Unicode):
(hyperref)                removing `\global' on input line 582.


Package hyperref Warning: Token not allowed in a PDF string (Unicode):
(hyperref)                removing `\let' on input line 582.


Package hyperref Warning: Token not allowed in a PDF string (Unicode):
(hyperref)                removing `\let' on input line 582.


Package hyperref Warning: Token not allowed in a PDF string (Unicode):
(hyperref)                removing `\hfuzz' on input line 582.


Package hyperref Warning: Token not allowed in a PDF string (Unicode):
(hyperref)                removing `\maxdimen' on input line 582.


Package hyperref Warning: Token not allowed in a PDF string (Unicode):
(hyperref)                removing `\setbox' on input line 582.


Package hyperref Warning: Token not allowed in a PDF string (Unicode):
(hyperref)                removing `\z@' on input line 582.


Package hyperref Warning: Token not allowed in a PDF string (Unicode):
(hyperref)                removing `\hbox' on input line 582.


Package hyperref Warning: Token not allowed in a PDF string (Unicode):
(hyperref)                removing `\displaywidth' on input line 582.


Package hyperref Warning: Token not allowed in a PDF string (Unicode):
(hyperref)                removing `\<let>-command' on input line 582.


Package hyperref Warning: Token not allowed in a PDF string (Unicode):
(hyperref)                removing `\split@warning' on input line 582.


Package hyperref Warning: Token not allowed in a PDF string (Unicode):
(hyperref)                removing `\everymath' on input line 582.


Package hyperref Warning: Token not allowed in a PDF string (Unicode):
(hyperref)                removing `\@emptytoks' on input line 582.


Package hyperref Warning: Token not allowed in a PDF string (Unicode):
(hyperref)                removing `\mathsurround' on input line 582.


Package hyperref Warning: Token not allowed in a PDF string (Unicode):
(hyperref)                removing `\z@' on input line 582.


Package hyperref Warning: Token not allowed in a PDF string (Unicode):
(hyperref)                removing `math shift' on input line 582.


Package hyperref Warning: Token not allowed in a PDF string (Unicode):
(hyperref)                removing `\displaystyle' on input line 582.


Package hyperref Warning: Token not allowed in a PDF string (Unicode):
(hyperref)                removing `\left' on input line 582.


Package hyperref Warning: Token not allowed in a PDF string (Unicode):
(hyperref)                removing `\Ustack' on input line 582.


Package hyperref Warning: Token not allowed in a PDF string (Unicode):
(hyperref)                removing `\begingroup' on input line 582.


Package hyperref Warning: Token not allowed in a PDF string (Unicode):
(hyperref)                removing `\endgroup' on input line 582.


Package hyperref Warning: Token not allowed in a PDF string (Unicode):
(hyperref)                removing `\@@over' on input line 582.


Package hyperref Warning: Token not allowed in a PDF string (Unicode):
(hyperref)                removing `superscript' on input line 582.


Package hyperref Warning: Token not allowed in a PDF string (Unicode):
(hyperref)                removing `\cos' on input line 582.


Package hyperref Warning: Token not allowed in a PDF string (Unicode):
(hyperref)                removing `\phi' on input line 582.


Package hyperref Warning: Token not allowed in a PDF string (Unicode):
(hyperref)                removing `\sin' on input line 582.


Package hyperref Warning: Token not allowed in a PDF string (Unicode):
(hyperref)                removing `\phi' on input line 582.


Package hyperref Warning: Token not allowed in a PDF string (Unicode):
(hyperref)                removing `\right' on input line 582.


Package hyperref Warning: Token not allowed in a PDF string (Unicode):
(hyperref)                removing `\cos' on input line 582.


Package hyperref Warning: Token not allowed in a PDF string (Unicode):
(hyperref)                removing `\phi' on input line 582.


Package hyperref Warning: Token not allowed in a PDF string (Unicode):
(hyperref)                removing `\sin' on input line 582.


Package hyperref Warning: Token not allowed in a PDF string (Unicode):
(hyperref)                removing `\phi' on input line 582.


Package hyperref Warning: Token not allowed in a PDF string (Unicode):
(hyperref)                removing `math shift' on input line 582.


Package hyperref Warning: Token not allowed in a PDF string (Unicode):
(hyperref)                removing `math shift' on input line 582.


Package hyperref Warning: Token not allowed in a PDF string (Unicode):
(hyperref)                removing `\global' on input line 582.


Package hyperref Warning: Token not allowed in a PDF string (Unicode):
(hyperref)                removing `\<let>-command' on input line 582.


Package hyperref Warning: Token not allowed in a PDF string (Unicode):
(hyperref)                removing `\df@label' on input line 582.


Package hyperref Warning: Token not allowed in a PDF string (Unicode):
(hyperref)                removing `\global' on input line 582.


Package hyperref Warning: Token not allowed in a PDF string (Unicode):
(hyperref)                removing `\<let>-command' on input line 582.


Package hyperref Warning: Token not allowed in a PDF string (Unicode):
(hyperref)                removing `\df@tag' on input line 582.


Package hyperref Warning: Token not allowed in a PDF string (Unicode):
(hyperref)                removing `\global' on input line 582.


Package hyperref Warning: Token not allowed in a PDF string (Unicode):
(hyperref)                removing `\let' on input line 582.


Package hyperref Warning: Token not allowed in a PDF string (Unicode):
(hyperref)                removing `\global' on input line 582.


Package hyperref Warning: Token not allowed in a PDF string (Unicode):
(hyperref)                removing `\<let>-command' on input line 582.


Package hyperref Warning: Token not allowed in a PDF string (Unicode):
(hyperref)                removing `\alt@tag' on input line 582.


Package hyperref Warning: Token not allowed in a PDF string (Unicode):
(hyperref)                removing `\global' on input line 582.


Package hyperref Warning: Token not allowed in a PDF string (Unicode):
(hyperref)                removing `\let' on input line 582.


Package hyperref Warning: Token not allowed in a PDF string (Unicode):
(hyperref)                removing `\global' on input line 582.


Package hyperref Warning: Token not allowed in a PDF string (Unicode):
(hyperref)                removing `\let' on input line 582.


Package hyperref Warning: Token not allowed in a PDF string (Unicode):
(hyperref)                removing `\global' on input line 582.


Package hyperref Warning: Token not allowed in a PDF string (Unicode):
(hyperref)                removing `\global' on input line 582.


Package hyperref Warning: Token not allowed in a PDF string (Unicode):
(hyperref)                removing `\let' on input line 582.


Package hyperref Warning: Token not allowed in a PDF string (Unicode):
(hyperref)                removing `\global' on input line 582.


Package hyperref Warning: Token not allowed in a PDF string (Unicode):
(hyperref)                removing `\global' on input line 582.


Package hyperref Warning: Token not allowed in a PDF string (Unicode):
(hyperref)                removing `\let' on input line 582.


Package hyperref Warning: Token not allowed in a PDF string (Unicode):
(hyperref)                removing `math shift' on input line 584.


Package hyperref Warning: Token not allowed in a PDF string (Unicode):
(hyperref)                removing `math shift' on input line 584.


Package hyperref Warning: Token not allowed in a PDF string (Unicode):
(hyperref)                removing `\phi' on input line 584.


Package hyperref Warning: Token not allowed in a PDF string (Unicode):
(hyperref)                removing `math shift' on input line 584.

<figs/Q5/Figure_1.png, id=300, 578.16pt x 361.35pt>
File: figs/Q5/Figure_1.png Graphic file (type png)
<use figs/Q5/Figure_1.png>
Package luatex.def Info: figs/Q5/Figure_1.png  used on input line 633.
(luatex.def)             Requested size: 362.37569pt x 226.48279pt.

LaTeX Warning: `h' float specifier changed to `ht'.

\pydata@fh@_FAD58DE7366495DB4650CFEFAC2FCD61.data.minted=\write6

\openout6 = _FAD58DE7366495DB4650CFEFAC2FCD61.data.minted
runsystem(latexminted config  --timestamp 20250308232138 FAD58DE7366495DB4650CFE
FAC2FCD61)...executed.
(./_FAD58DE7366495DB4650CFEFAC2FCD61.config.minted)
runsystem(latexminted cleanconfig  --timestamp 20250308232138 FAD58DE7366495DB46
50CFEFAC2FCD61)...executed.

(./_minted/default.style.minted)
(./_minted/0EC7951D2AD5A1C8F5CA6E41FB95CAE5.highlight.minted
LaTeX Font Info:    Font shape `TU/lmtt/bx/n' in size <10> not available
(Font)              Font shape `TU/lmtt/b/n' tried instead on input line 2.



Package fancyhdr Warning: \headheight is too small (12.0pt): 
(fancyhdr)                Make it at least 14.49998pt, for example:
(fancyhdr)                \setlength{\headheight}{14.49998pt}.
(fancyhdr)                You might also make \topmargin smaller:
(fancyhdr)                \addtolength{\topmargin}{-2.49998pt}.

[12]


Package fancyhdr Warning: \headheight is too small (12.0pt): 
(fancyhdr)                Make it at least 14.49998pt, for example:
(fancyhdr)                \setlength{\headheight}{14.49998pt}.
(fancyhdr)                You might also make \topmargin smaller:
(fancyhdr)                \addtolength{\topmargin}{-2.49998pt}.

[13
warning  (pdf backend): ignoring duplicate destination with the name 'figure.2'
Missing character: There is no π (U+03C0) in font [lmmono10-italic]:!
Missing character: There is no π (U+03C0) in font [lmmono10-italic]:!
Missing character: There is no π (U+03C0) in font [lmmono10-italic]:!
Missing character: There is no π (U+03C0) in font [lmmono10-italic]:!
<./figs/Q5/Figure_1.png>])

Package hyperref Warning: Token not allowed in a PDF string (Unicode):
(hyperref)                removing `math shift' on input line 688.


Package hyperref Warning: Token not allowed in a PDF string (Unicode):
(hyperref)                removing `math shift' on input line 688.


Package hyperref Warning: Token not allowed in a PDF string (Unicode):
(hyperref)                removing `math shift' on input line 688.


Package hyperref Warning: Token not allowed in a PDF string (Unicode):
(hyperref)                removing `\phi' on input line 688.


Package hyperref Warning: Token not allowed in a PDF string (Unicode):
(hyperref)                removing `superscript' on input line 688.


Package hyperref Warning: Token not allowed in a PDF string (Unicode):
(hyperref)                removing `\circ' on input line 688.

<figs/Q5/Figure_2.png, id=315, 707.64375pt x 411.03563pt>
File: figs/Q5/Figure_2.png Graphic file (type png)
<use figs/Q5/Figure_2.png>
Package luatex.def Info: figs/Q5/Figure_2.png  used on input line 711.
(luatex.def)             Requested size: 362.37569pt x 210.4909pt.

Package hyperref Warning: Token not allowed in a PDF string (Unicode):
(hyperref)                removing `math shift' on input line 716.


Package hyperref Warning: Token not allowed in a PDF string (Unicode):
(hyperref)                removing `math shift' on input line 716.

(./_minted/341A1B3507FFF4A4A642E4F932EE86C2.highlight.minted


Package fancyhdr Warning: \headheight is too small (12.0pt): 
(fancyhdr)                Make it at least 14.49998pt, for example:
(fancyhdr)                \setlength{\headheight}{14.49998pt}.
(fancyhdr)                You might also make \topmargin smaller:
(fancyhdr)                \addtolength{\topmargin}{-2.49998pt}.

[14
warning  (pdf backend): ignoring duplicate destination with the name 'figure.3'
<./figs/Q5/Figure_2.png>]
LaTeX Font Info:    Font shape `TU/lmtt/bx/n' in size <10.95> not available
(Font)              Font shape `TU/lmtt/b/n' tried instead on input line 16.
)

Package hyperref Warning: Token not allowed in a PDF string (Unicode):
(hyperref)                removing `math shift' on input line 740.




Package fancyhdr Warning: \headheight is too small (12.0pt): 
(fancyhdr)                Make it at least 14.49998pt, for example:
(fancyhdr)                \setlength{\headheight}{14.49998pt}.
(fancyhdr)                You might also make \topmargin smaller:
(fancyhdr)                \addtolength{\topmargin}{-2.49998pt}.

[15
Missing character: There is no φ (U+03C6) in font [lmmono10-regular]:!
]

Package hyperref Warning: Token not allowed in a PDF string (Unicode):
(hyperref)                removing `math shift' on input line 802.




Package fancyhdr Warning: \headheight is too small (12.0pt): 
(fancyhdr)                Make it at least 14.49998pt, for example:
(fancyhdr)                \setlength{\headheight}{14.49998pt}.
(fancyhdr)                You might also make \topmargin smaller:
(fancyhdr)                \addtolength{\topmargin}{-2.49998pt}.

[16]
<figs/Q6/Q6.png, id=331, 377.15906pt x 337.26pt>
File: figs/Q6/Q6.png Graphic file (type png)
<use figs/Q6/Q6.png>
Package luatex.def Info: figs/Q6/Q6.png  used on input line 882.
(luatex.def)             Requested size: 362.37569pt x 324.03867pt.
 (./_minted/AAB34E7A05CC082A19E81A4D6FEDE42F.highlight.minted


Package fancyhdr Warning: \headheight is too small (12.0pt): 
(fancyhdr)                Make it at least 14.49998pt, for example:
(fancyhdr)                \setlength{\headheight}{14.49998pt}.
(fancyhdr)                You might also make \topmargin smaller:
(fancyhdr)                \addtolength{\topmargin}{-2.49998pt}.

[17
warning  (pdf backend): ignoring duplicate destination with the name 'figure.4'
<./figs/Q6/Q6.png>]


Package fancyhdr Warning: \headheight is too small (12.0pt): 
(fancyhdr)                Make it at least 14.49998pt, for example:
(fancyhdr)                \setlength{\headheight}{14.49998pt}.
(fancyhdr)                You might also make \topmargin smaller:
(fancyhdr)                \addtolength{\topmargin}{-2.49998pt}.

[18])
<figs/Q6/Figure_1.png, id=342, 433.62pt x 433.62pt>
File: figs/Q6/Figure_1.png Graphic file (type png)
<use figs/Q6/Figure_1.png>
Package luatex.def Info: figs/Q6/Figure_1.png  used on input line 960.
(luatex.def)             Requested size: 362.37569pt x 362.39232pt.
 (./_minted/69C9AD29CFB2DE76A82E5DF513935B06.highlight.minted


Package fancyhdr Warning: \headheight is too small (12.0pt): 
(fancyhdr)                Make it at least 14.49998pt, for example:
(fancyhdr)                \setlength{\headheight}{14.49998pt}.
(fancyhdr)                You might also make \topmargin smaller:
(fancyhdr)                \addtolength{\topmargin}{-2.49998pt}.

[19
warning  (pdf backend): ignoring duplicate destination with the name 'figure.5'
<./figs/Q6/Figure_1.png>])
<figs/Q6/Figure_2.png, id=349, 578.16pt x 433.62pt>
File: figs/Q6/Figure_2.png Graphic file (type png)
<use figs/Q6/Figure_2.png>
Package luatex.def Info: figs/Q6/Figure_2.png  used on input line 1019.
(luatex.def)             Requested size: 362.37569pt x 271.77934pt.



Package fancyhdr Warning: \headheight is too small (12.0pt): 
(fancyhdr)                Make it at least 14.49998pt, for example:
(fancyhdr)                \setlength{\headheight}{14.49998pt}.
(fancyhdr)                You might also make \topmargin smaller:
(fancyhdr)                \addtolength{\topmargin}{-2.49998pt}.

[20]


Package fancyhdr Warning: \headheight is too small (12.0pt): 
(fancyhdr)                Make it at least 14.49998pt, for example:
(fancyhdr)                \setlength{\headheight}{14.49998pt}.
(fancyhdr)                You might also make \topmargin smaller:
(fancyhdr)                \addtolength{\topmargin}{-2.49998pt}.

[21
warning  (pdf backend): ignoring duplicate destination with the name 'figure.6'
<./figs/Q6/Figure_2.png>]


Package fancyhdr Warning: \headheight is too small (12.0pt): 
(fancyhdr)                Make it at least 14.49998pt, for example:
(fancyhdr)                \setlength{\headheight}{14.49998pt}.
(fancyhdr)                You might also make \topmargin smaller:
(fancyhdr)                \addtolength{\topmargin}{-2.49998pt}.

[22]
Overfull \hbox (7.43109pt too wide) detected at line 1129
[][][]\OML/cmm/m/it/12 E[] \OT1/cmr/m/n/12 = [][]\OML/cmm/m/it/12 ;  E[] \OT1/c
mr/m/n/12 = [][]\OML/cmm/m/it/12 ;  E[] \OT1/cmr/m/n/12 = [][]
 []




Package fancyhdr Warning: \headheight is too small (12.0pt): 
(fancyhdr)                Make it at least 14.49998pt, for example:
(fancyhdr)                \setlength{\headheight}{14.49998pt}.
(fancyhdr)                You might also make \topmargin smaller:
(fancyhdr)                \addtolength{\topmargin}{-2.49998pt}.

[23]

Package hyperref Warning: Token not allowed in a PDF string (Unicode):
(hyperref)                removing `\\' on input line 1266.


Package hyperref Warning: Token not allowed in a PDF string (Unicode):
(hyperref)                removing `math shift' on input line 1266.


Package hyperref Warning: Token not allowed in a PDF string (Unicode):
(hyperref)                removing `subscript' on input line 1266.


Package hyperref Warning: Token not allowed in a PDF string (Unicode):
(hyperref)                removing `superscript' on input line 1266.


Package hyperref Warning: Token not allowed in a PDF string (Unicode):
(hyperref)                removing `math shift' on input line 1266.


Package hyperref Warning: Token not allowed in a PDF string (Unicode):
(hyperref)                removing `\\' on input line 1266.


Package hyperref Warning: Token not allowed in a PDF string (Unicode):
(hyperref)                removing `math shift' on input line 1266.


Package hyperref Warning: Token not allowed in a PDF string (Unicode):
(hyperref)                removing `subscript' on input line 1266.


Package hyperref Warning: Token not allowed in a PDF string (Unicode):
(hyperref)                removing `math shift' on input line 1266.


Package hyperref Warning: Token not allowed in a PDF string (Unicode):
(hyperref)                removing `math shift' on input line 1268.


Package hyperref Warning: Token not allowed in a PDF string (Unicode):
(hyperref)                removing `math shift' on input line 1268.




Package fancyhdr Warning: \headheight is too small (12.0pt): 
(fancyhdr)                Make it at least 14.49998pt, for example:
(fancyhdr)                \setlength{\headheight}{14.49998pt}.
(fancyhdr)                You might also make \topmargin smaller:
(fancyhdr)                \addtolength{\topmargin}{-2.49998pt}.

[24]

Package hyperref Warning: Token not allowed in a PDF string (Unicode):
(hyperref)                removing `math shift' on input line 1299.


Package hyperref Warning: Token not allowed in a PDF string (Unicode):
(hyperref)                removing `\rho' on input line 1299.


Package hyperref Warning: Token not allowed in a PDF string (Unicode):
(hyperref)                removing `subscript' on input line 1299.


Package hyperref Warning: Token not allowed in a PDF string (Unicode):
(hyperref)                removing `math shift' on input line 1299.




Package fancyhdr Warning: \headheight is too small (12.0pt): 
(fancyhdr)                Make it at least 14.49998pt, for example:
(fancyhdr)                \setlength{\headheight}{14.49998pt}.
(fancyhdr)                You might also make \topmargin smaller:
(fancyhdr)                \addtolength{\topmargin}{-2.49998pt}.

[25]

Package hyperref Warning: Token not allowed in a PDF string (Unicode):
(hyperref)                removing `math shift' on input line 1391.


Package hyperref Warning: Token not allowed in a PDF string (Unicode):
(hyperref)                removing `math shift' on input line 1391.


Package hyperref Warning: Token not allowed in a PDF string (Unicode):
(hyperref)                removing `math shift' on input line 1391.


Package hyperref Warning: Token not allowed in a PDF string (Unicode):
(hyperref)                removing `math shift' on input line 1391.


Package hyperref Warning: Token not allowed in a PDF string (Unicode):
(hyperref)                removing `math shift' on input line 1391.


Package hyperref Warning: Token not allowed in a PDF string (Unicode):
(hyperref)                removing `\rho' on input line 1391.


Package hyperref Warning: Token not allowed in a PDF string (Unicode):
(hyperref)                removing `subscript' on input line 1391.


Package hyperref Warning: Token not allowed in a PDF string (Unicode):
(hyperref)                removing `math shift' on input line 1391.


Package hyperref Warning: Token not allowed in a PDF string (Unicode):
(hyperref)                removing `math shift' on input line 1391.


Package hyperref Warning: Token not allowed in a PDF string (Unicode):
(hyperref)                removing `superscript' on input line 1391.


Package hyperref Warning: Token not allowed in a PDF string (Unicode):
(hyperref)                removing `math shift' on input line 1391.


Package hyperref Warning: Token not allowed in a PDF string (Unicode):
(hyperref)                removing `math shift' on input line 1391.


Package hyperref Warning: Token not allowed in a PDF string (Unicode):
(hyperref)                removing `\epsilon' on input line 1391.


Package hyperref Warning: Token not allowed in a PDF string (Unicode):
(hyperref)                removing `math shift' on input line 1391.




Package fancyhdr Warning: \headheight is too small (12.0pt): 
(fancyhdr)                Make it at least 14.49998pt, for example:
(fancyhdr)                \setlength{\headheight}{14.49998pt}.
(fancyhdr)                You might also make \topmargin smaller:
(fancyhdr)                \addtolength{\topmargin}{-2.49998pt}.

[26]


Package fancyhdr Warning: \headheight is too small (12.0pt): 
(fancyhdr)                Make it at least 14.49998pt, for example:
(fancyhdr)                \setlength{\headheight}{14.49998pt}.
(fancyhdr)                You might also make \topmargin smaller:
(fancyhdr)                \addtolength{\topmargin}{-2.49998pt}.

[27]

Package hyperref Warning: Token not allowed in a PDF string (Unicode):
(hyperref)                removing `math shift' on input line 1470.


Package hyperref Warning: Token not allowed in a PDF string (Unicode):
(hyperref)                removing `subscript' on input line 1470.




Package fancyhdr Warning: \headheight is too small (12.0pt): 
(fancyhdr)                Make it at least 14.49998pt, for example:
(fancyhdr)                \setlength{\headheight}{14.49998pt}.
(fancyhdr)                You might also make \topmargin smaller:
(fancyhdr)                \addtolength{\topmargin}{-2.49998pt}.

[28] (./main.aux)
 ***********
LaTeX2e <2024-11-01> patch level 2
L3 programming layer <2025-01-18>
 ***********


LaTeX Warning: There were multiply-defined labels.


Package rerunfilecheck Warning: File `main.out' has changed.
(rerunfilecheck)                Rerun to get outlines right
(rerunfilecheck)                or use package `bookmark'.

Package rerunfilecheck Info: Checksums for `main.out':
(rerunfilecheck)             Before: 985AE1EEFF5A1DA2741E86386D541775;22691
(rerunfilecheck)             After:  36899385308C5BD3E403EF03ABA18A4A;22583.
)

Here is how much of LuaTeX's memory you used:
 44220 strings out of 475512
 100000,2373549 words of node,token memory allocated
 1621 words of node memory still in use:
   7 hlist, 2 vlist, 2 rule, 2 glue, 4 kern, 24 sub_mlist, 1 glyph, 263 attribut
e, 57 glue_spec, 263 attribute_list, 2 write nodes
   avail lists: 1:1,2:2456,3:760,4:704,5:652,6:62,7:4830,8:78,9:1916,10:6,11:211

 66288 multiletter control sequences out of 65536+600000
 87 fonts using 6341263 bytes
 84i,13n,84p,4500b,937s stack positions out of 10000i,1000n,20000p,200000b,200000s

warning  (pdf backend): unreferenced destination with name 'subsection.3.5'
</usr/local/texlive/2024/texmf-dist/fonts/opentype/public/lm/lmmono10-regular.ot
f></usr/local/texlive/2024/texmf-dist/fonts/opentype/public/lm/lmmono10-italic.o
tf></usr/local/texlive/2024/texmf-dist/fonts/opentype/public/lm/lmmonolt10-bold.
otf></usr/local/texlive/2024/texmf-dist/fonts/opentype/public/lm/lmroman6-regula
r.otf></usr/local/texlive/2024/texmf-dist/fonts/opentype/public/lm/lmroman8-regu
lar.otf></usr/local/texlive/2024/texmf-dist/fonts/opentype/public/lm/lmroman10-r
egular.otf></usr/local/texlive/2024/texmf-dist/fonts/opentype/public/lm/lmroman1
2-regular.otf></usr/local/texlive/2024/texmf-dist/fonts/opentype/public/lm/lmrom
an17-regular.otf></usr/local/texlive/2024/texmf-dist/fonts/opentype/public/lm/lm
roman12-bold.otf></usr/local/texlive/2024/texmf-dist/fonts/type1/public/amsfonts
/cm/cmbx12.pfb></usr/local/texlive/2024/texmf-dist/fonts/type1/public/amsfonts/c
m/cmbx8.pfb></usr/local/texlive/2024/texmf-dist/fonts/type1/public/amsfonts/cm/c
mex10.pfb></usr/local/texlive/2024/texmf-dist/fonts/type1/public/amsfonts/cm/cmm
i10.pfb></usr/local/texlive/2024/texmf-dist/fonts/type1/public/amsfonts/cm/cmmi1
2.pfb></usr/local/texlive/2024/texmf-dist/fonts/type1/public/amsfonts/cm/cmmi6.p
fb></usr/local/texlive/2024/texmf-dist/fonts/type1/public/amsfonts/cm/cmmi8.pfb>
</usr/local/texlive/2024/texmf-dist/fonts/type1/public/amsfonts/cm/cmr10.pfb></u
sr/local/texlive/2024/texmf-dist/fonts/type1/public/amsfonts/cm/cmr12.pfb></usr/
local/texlive/2024/texmf-dist/fonts/type1/public/amsfonts/cm/cmr17.pfb></usr/loc
al/texlive/2024/texmf-dist/fonts/type1/public/amsfonts/cm/cmr6.pfb></usr/local/t
exlive/2024/texmf-dist/fonts/type1/public/amsfonts/cm/cmr8.pfb></usr/local/texli
ve/2024/texmf-dist/fonts/type1/public/amsfonts/cm/cmsy10.pfb></usr/local/texlive
/2024/texmf-dist/fonts/type1/public/amsfonts/cm/cmsy8.pfb>
Output written on main.pdf (29 pages, 555883 bytes).

PDF statistics: 563 PDF objects out of 1000 (max. 8388607)
 476 compressed objects within 5 object streams
 190 named destinations out of 1000 (max. 131072)
 368 words of extra memory for PDF output out of 10000 (max. 100000000)

